1.58,1.58,1.58,1.58,1.58,1.58,1.58,1.58,1.58,1.58,1.58,1.58,1.58,1.58,1.58,1.58,1.58,1.58,1.58,1.58,1.58,1.58,1.58,1.58,1.58,1.58,1.58,1.58,1.58,1.58,1.58,1.58,1.58,1.58,1.58,1.58,1.58,1.58,1.58,1.58,1.58,1.58,1.58,1.58,1.58,1.58,1.58,1.58,1.58,1.58,1.58,1.58,1.58,1.58,1.58,1.58,1.58,1.58,1.58,1.58,1.58,1.58,1.58,1.58,1.58,1.58,1.58,1.58,1.58,1.58,1.58,1.58,1.58,1.58,1.58,1.58,1.58,1.58,1.58,1.58,1.58,1.58,1.58,1.58,1.58,1.58,1.58,1.58,1.58,1.58,1.58,1.58,1.58,1.58,1.58,1.58,1.58,1.58,1.58,1.58,1.58,1.58,1.58,1.58,1.58,1.58,1.58,1.58,1.58,1.58,1.58,1.58,1.58,1.58,1.58,1.58,1.58,1.58,1.58,1.58,1.58,1.58,1.58,1.58,1.58,1.58,1.58,1.58,1.58,1.58,1.58,1.58,1.58,1.58,1.58,1.58,1.58,1.58,1.58,1.58,1.58,1.58,1.58,1.58
1.76,1.73,1.68,1.66,1.66,1.63,1.61,1.58,1.4945,1.5,1.5,1.5632,1.45,1.5401,1.4,1.4633,1.4739,1.3987,1.31,1.3394,1.3102,1.24,1.24,1.24,1.2291,1.1918,1.16,1.16,1.1166,1.1089,1.1069,1.16,1.1085,1.16,1.1552,1.18,1.21,1.23,1.23,1.26,1.26,1.28,1.31,1.31,1.36,1.38,1.3829,1.4,1.43,1.48,1.4852,1.5,1.53,1.4922,1.58,1.6037,1.606,1.66,1.66,1.68,1.7,1.7094,1.73,1.6884,1.6863,1.73,1.73,1.6934,1.73,1.747,1.73,1.73,1.73,1.7,1.6779,1.7,1.68,1.65,1.65,1.63,1.61,1.5431,1.56,1.5489,1.56,1.56,1.5493,1.51,1.51,1.51,1.4881,1.48,1.48,1.5,1.5,1.48,1.48,1.5,1.5138,1.4978,1.4803,1.5,1.53,1.56,1.58,1.58,1.5619,1.6,1.5508,1.5691,1.5529,1.5189,1.5638,1.68,1.5581,1.4652,1.6632,1.76,1.4742,1.6325,1.81,1.7278,1.7193,1.723,1.86,1.86,1.5318,1.86,1.7734,1.6206,1.88,1.7931,1.8121,1.8084,1.8311,1.83,1.83,1.7694,1.7617,1.83,1.81,1.78,1.7533,1.76
2.2,2.23,2.2148,2.26,2.28,2.2626,2.31,2.2955,2.0871,2.295,2.31,2.2355,2.26,2.24,2.16,2.05,2.01,1.91,1.8,1.68,1.58,1.48,1.38,1.33,1.2297,1.1812,1.1,1.1318,1.1002,1.0537,1.0431,1.0,1.0,1.0273,1.0274,1.01,1.1395,1.1501,1.13,1.15,1.2523,1.21,1.21,1.24,1.3005,1.3343,1.3832,1.3956,1.36,1.4479,1.43,1.45,1.5402,1.5782,1.5956,1.63,1.63,1.68,1.76,1.7407,1.78,1.7684,1.83,1.7476,1.6469,1.86,1.86,1.7741,1.7401,1.7641,1.81,1.78,1.6912,1.6932,1.71,1.65,1.6491,1.6354,1.6289,1.6232,1.56,1.51,1.48,1.43,1.4609,1.38,1.36,1.33,1.3889,1.28,1.3179,1.28,1.25,1.25,1.25,1.23,1.1764,1.23,1.23,1.2245,1.24,1.2345,1.26,1.2636,1.26,1.25,1.177,1.25,1.25,1.2804,1.28,1.28,1.2717,1.31,1.33,1.33,1.3261,1.38,1.3764,1.3266,1.43,1.4248,1.48,1.53,1.53,1.56,1.5568,1.61,1.65,1.71,1.76,1.76,1.81,1.83,1.8444,1.96,1.9185,1.9813,2.03,2.08,2.0723,2.11,2.13,2.16
2.76,2.8157,2.8228,2.96,2.9276,3.1,3.0573,3.1662,3.241,3.3383,3.53,3.4754,3.5215,3.53,3.46,3.38,3.26,3.08,2.9,2.73,2.53,2.33,2.15,1.98,1.8,1.68,1.56,1.46,1.35,1.31,1.28,1.25,1.1777,1.25,1.28,1.31,1.31,1.36,1.4,1.43,1.48,1.5,1.53,1.53,1.58,1.589,1.58,1.63,1.5379,1.5461,1.5206,1.5858,1.71,1.71,1.6205,1.6203,1.75,1.75,1.78,1.73,1.7101,1.68,1.66,1.66,1.58,1.58,1.56,1.53,1.5243,1.56,1.4901,1.56,1.61,1.56,1.5763,1.61,1.5918,1.63,1.5746,1.5881,1.69,1.57,1.66,1.66,1.5046,1.6,1.504,1.51,1.45,1.4,1.33,1.28,1.2651,1.18,1.2081,1.08,1.06,1.0,1.0,1.0,1.0714,1.0709,1.0,1.0,1.0,1.0,0.95,0.95,1.0139,1.0275,0.86,0.86,0.9608,0.88,1.0981,0.88,0.91,0.91,0.93,0.93,0.93,1.0674,1.0755,1.0538,0.85,0.8713,0.8591,0.88,0.93,0.98,1.08,1.18,1.33,1.48,1.61,1.8071,1.9473,2.08,2.25,2.36,2.48,2.56,2.66,2.71
2.85,2.83,2.85,2.8398,2.83,2.86,2.95,3.03,3.13,3.23,3.4121,3.51,3.53,3.58,3.6,3.58,3.51,3.43,3.31,3.16,3.03,2.9,2.74,2.61,2.48,2.38,2.26,2.16,2.06,1.95,1.83,1.73,1.63,1.61,1.53,1.5265,1.53,1.56,1.61,1.68,1.74,1.75,1.81,1.7317,1.7913,1.78,1.73,1.68,1.58,1.53,1.48,1.48,1.4447,1.4732,1.48,1.53,1.53,1.56,1.56,1.5229,1.49,1.43,1.36,1.31,1.26,1.2818,1.21,1.18,1.2923,1.26,1.31,1.36,1.35,1.38,1.38,1.3925,1.3675,1.3522,1.3009,1.3,1.3,1.35,1.38,1.45,1.51,1.51,1.502,1.58,1.5125,1.56,1.58,1.56,1.5,1.48,1.43,1.38,1.3,1.28,1.23,1.23,1.21,1.21,1.18,1.18,1.1164,1.18,1.16,1.11,1.08,1.03,1.06,1.03,1.06,1.08,1.1,1.15,1.21,1.25,1.2378,1.238,1.25,1.21,1.15,1.03,0.93,0.86,0.78,0.7911,0.71,0.7,0.75,1.0303,1.1627,1.3091,1.428,1.6242,1.8326,2.03,2.28,2.51,2.6098,2.74,2.83,2.85
3.16,3.03,2.89,2.75,2.61,2.56,2.6579,2.68,2.86,3.1811,3.23,3.46,3.63,3.76,3.81,3.8246,3.7668,3.7509,3.66,3.53,3.35,3.0664,2.8499,2.6714,2.68,2.55,2.4159,2.3845,2.43,2.33,2.25,2.18,1.9822,1.96,1.907,1.96,2.03,2.0058,2.2,2.28,2.31,2.169,2.23,1.9261,1.8299,1.7782,1.7201,1.58,1.5676,1.4586,1.3615,1.2446,1.1568,1.1152,1.1636,1.13,1.3427,1.3962,1.35,1.4838,1.45,1.48,1.43,1.3936,1.38,1.38,1.41,1.43,1.5,1.58,1.63,1.68,1.73,1.73,1.66,1.56,1.43,1.3546,1.337,1.15,1.2145,1.1124,1.0907,1.112,1.03,1.03,1.1546,1.2452,1.21,1.326,1.43,1.56,1.68,1.78,1.83,1.88,1.7473,1.85,1.86,1.8063,1.854,1.7988,1.88,1.93,2.01,2.05,2.08,2.15,2.21,2.26,2.28,2.36,2.46,2.51,2.63,2.7,2.75,2.76,2.7483,2.68,2.55,2.36,2.13,1.9,1.63,1.43,1.26,1.18,1.13,1.1302,1.16,1.2,1.28,1.36,1.5278,1.7035,1.891,2.1551,2.4184,2.6369,2.86,3.03,3.13,3.23
4.31,4.06,3.73,3.38,3.11,2.93,2.91,2.96,3.18,3.4,3.66,3.86,3.96,4.03,4.06,3.9864,3.93,3.86,3.73,3.48,3.21,2.89,2.6242,2.31,2.1,2.0648,2.1,2.18,2.31,2.2941,2.2541,2.2116,2.16,2.03,1.9089,1.9027,1.98,2.01,2.0095,1.98,1.88,1.78,1.7,1.63,1.63,1.66,1.6931,1.72,1.8,1.6552,1.7,1.68,1.63,1.58,1.5523,1.56,1.53,1.5294,1.56,1.5842,1.7,1.846,2.0,2.21,2.38,2.55,2.71,2.88,3.08,3.33,3.55,3.75,3.88,4.05,4.13,4.2,4.24,4.23,4.0354,4.11,3.95,3.75,3.43,3.11,2.73,2.35,1.95,1.58,1.33,1.18,1.249,1.16,1.25,1.5988,1.58,1.68,1.8282,1.88,1.9983,2.16,2.33,2.56,2.78,2.98,3.18,3.38,3.55,3.7,3.83,3.98,4.15,4.3,4.53,4.73,4.99,5.26,5.48,5.65,5.6331,5.53,5.16,4.58,3.93,3.23,2.6,2.05,1.68,1.48,1.4,1.45,1.56,1.66,1.73,1.85,1.98,2.18,2.45,2.81,3.2,3.63,4.03,4.31,4.43,4.43
4.66,4.58,4.46,4.3,4.21,4.16,4.23,4.4,4.58,4.74,4.79,4.76,4.61,4.46,4.26,4.06,3.9521,3.7714,3.55,3.4475,3.0,2.68,2.38,2.1,2.0418,1.88,1.88,1.98,2.05,2.15,2.18,2.11,2.01,1.83,1.65,1.51,1.36,1.23,1.08,0.95,0.78,0.8215,0.74,0.86,0.98,1.18,1.35,1.4,1.402,1.39,1.41,1.48,1.5441,1.73,1.83,1.86,1.7797,1.68,1.61,1.65,1.85,2.1306,2.5331,2.96,3.33,3.68,4.03,4.43,4.9413,5.53,6.11,6.63,7.13,7.55,7.95,8.31,8.63,8.88,9.03,9.0109,8.88,8.61,8.2,7.63,7.0,6.31,5.53,4.68,3.86,3.1,2.5,2.03,1.76,1.66,1.6765,1.68,1.75,1.91,2.1014,2.3063,2.5486,2.8456,3.43,3.5727,4.1,4.36,4.61,4.75,4.9,5.03,5.05,5.11,5.18,5.1557,5.61,6.08,6.1238,6.652,7.2354,7.88,7.6831,7.18,6.25,5.18,4.08,3.13,2.48,2.08,1.987,1.98,2.08,2.16,2.23,2.23,2.31,2.5,2.83,3.23,3.68,4.08,4.36,4.53,4.63,4.68
5.03,5.08,5.03,4.99,4.96,5.11,5.33,5.522,5.76,5.7217,5.7193,5.68,5.56,5.46,5.35,5.3,5.18,5.01,4.74,4.33,3.88,3.41,2.98,2.66,2.36,2.11,1.9422,1.83,1.5088,1.4762,1.5597,1.48,1.6,1.56,1.4195,1.2312,1.018,0.9074,0.9357,0.73,0.76,0.83,0.93,1.05,1.13,1.1457,1.1671,0.85,0.74,0.74,1.1497,1.06,1.31,1.58,1.73,1.81,1.78,1.71,1.6829,1.7868,1.9559,2.36,2.68,3.03,3.3303,3.76,4.31,4.95,5.81,6.4756,7.3115,8.15,8.6341,9.0093,9.75,10.1174,10.85,11.28,11.51,11.48,11.2354,10.5862,10.0655,10.08,8.8957,8.3839,7.9963,8.05,7.28,6.35,5.38,4.46,3.63,3.06,2.61,2.33,2.18,2.13,2.13,2.24,2.43,2.75,3.15,3.63,4.1171,4.5092,4.93,4.965,5.35,5.45,5.3464,5.1601,5.18,5.13,5.18,5.41,5.86,6.35,6.88,7.4,7.7097,7.6937,7.51,6.8,5.78,4.73,3.86,3.35,3.3008,3.33,3.63,3.93,4.18,4.41,4.61,4.81,5.08,5.23,5.2152,5.15,4.95,4.83,4.83,4.96
6.58,6.38,5.99,5.63,5.36,5.33,5.5072,5.56,5.5,5.38,5.23,5.2313,5.2777,5.31,5.38,5.43,5.48,5.56,5.5804,5.58,5.33,4.88,4.36,3.91,3.51,3.13,2.68,2.28,1.98,1.88,1.9,1.9224,1.91,1.68,1.33,1.06,0.88,0.88,0.91,1.01,1.08,1.23,1.35,1.48,1.56,1.5474,1.58,1.5859,1.61,1.66,1.6313,1.5127,1.4172,1.23,1.14,1.06,1.14,1.28,1.4777,1.68,1.86,2.08,2.33,2.6774,3.06,3.6,4.31,5.1646,6.18,7.11,7.83,8.33,8.7067,9.1935,9.78,10.63,11.5,12.15,12.2004,11.8954,11.31,10.5067,9.36,8.49,7.88,7.8516,7.88,7.9825,7.8541,7.5031,6.5837,6.2761,5.2028,4.2627,3.66,3.1,2.73,2.53,2.46,2.4637,2.53,2.7907,3.1226,3.58,4.0587,4.296,4.7426,4.7738,4.68,4.6,4.55,4.5459,4.53,4.51,4.4944,4.53,4.0982,4.53,4.66,5.15,6.03,7.3339,7.8797,8.15,7.56,6.53,5.56,5.05,5.1,5.63,6.41,7.26,7.96,8.49,8.74,8.7324,8.68,8.33,7.6849,7.33,6.88,6.63,6.6144,6.61
7.01,6.73,6.53,6.46,6.53,6.5929,6.6,6.1235,5.6076,5.1,4.78,4.98,5.53,6.11,6.41,6.46,6.4569,6.51,6.9,7.33,7.3847,7.28,6.66,5.98,5.31,4.81,4.33,4.03,3.9452,3.93,3.9241,3.88,3.53,2.93,2.4,2.01,1.81,1.68,1.5,1.35,1.2746,1.38,1.65,1.95,2.24,2.43,2.61,2.6061,2.61,2.4,1.9891,1.68,1.4488,1.08,1.0759,1.0013,1.0079,1.06,1.28,1.51,1.679,1.88,2.13,2.48,2.88,3.46,4.23,5.18,6.1763,7.26,7.9208,8.46,8.78,9.1694,10.23,11.4718,12.9,13.76,13.83,12.96,11.2811,9.38,7.36,5.729,4.56,4.1,4.33,5.0,5.86,6.41,6.4104,6.05,5.33,4.63,4.08,3.66,3.3,3.03,2.86,2.86,2.8515,2.9901,3.21,3.41,3.5003,3.63,3.33,2.81,2.25,1.91,1.9258,2.05,2.31,2.51,2.7,2.7121,2.71,2.58,2.58,3.4966,4.9592,6.8723,8.58,9.35,9.03,8.13,7.38,7.4084,7.78,8.85,9.96,10.71,10.8612,10.86,10.38,9.4513,9.0,8.38,7.8787,7.83,7.78,7.7,7.56,7.31
7.21,6.7718,6.41,6.53,6.86,7.13,7.112,6.73,6.0683,5.1994,4.9878,4.953,5.48,6.58,7.46,7.6035,7.61,7.4159,7.3319,7.9,8.18,7.9289,7.3998,7.23,6.65,6.03,5.48,5.13,5.1427,5.23,5.41,5.33,5.01,4.56,4.05,3.58,3.16,2.71,2.33,2.08,2.085,2.2,2.51,2.8,2.93,2.91,2.83,2.78,2.61,2.33,2.1614,2.0075,1.95,1.7618,1.76,1.2828,1.08,0.88,0.9407,0.95,1.21,1.58,2.03,2.43,2.88,3.43,4.13,5.06,6.06,6.7846,7.4377,7.96,8.24,8.85,10.2,11.846,14.08,15.15,14.73,12.86,10.18,7.6,5.7,5.1431,3.73,3.845,2.9355,2.919,2.88,3.7035,4.28,4.4199,4.4,4.1663,4.0615,3.9054,3.6481,3.4054,3.0844,2.9084,2.9107,3.01,2.98,2.83,2.51,2.03,1.43,0.78,0.4405,0.49,0.83,1.7236,1.8785,1.71,1.9217,1.95,1.86,1.68,1.751,2.43,4.26,6.86,9.43,10.95,11.14,10.46,9.71,9.7119,10.05,10.9158,11.9,12.0958,12.13,11.5054,10.73,9.7022,8.4324,7.63,7.51,7.91,8.45,8.5833,8.45,7.86
7.91,7.3,6.85,6.94,7.33,7.98,8.53,8.91,9.01,8.76,8.31,7.96,7.88,8.13,8.3,8.18,7.65,7.08,6.79,6.86,7.11,7.5296,7.38,7.45,7.2832,6.931,6.5015,6.28,6.23,6.23,5.926,5.7,5.3763,5.18,5.0,4.71,4.36,4.06,3.98,3.95,3.93,3.9,3.9,3.7647,3.4114,3.1228,3.01,2.7722,2.65,2.4282,2.2972,2.1919,2.217,2.0225,1.73,1.4551,1.1192,0.93,0.9511,0.88,1.08,1.53,2.0819,2.479,2.8174,3.33,4.13,5.0,5.73,6.23,6.7117,6.8591,6.86,7.16,8.8415,11.31,14.28,15.2408,15.01,12.4466,8.68,6.2,5.811,5.5,5.76,5.23,4.0,3.0,3.052,3.7272,4.23,4.28,3.9,3.5579,3.405,3.48,3.592,3.5782,3.36,2.95,2.8097,2.76,2.76,2.51,2.075,1.519,0.9268,0.5567,0.4453,1.03,1.86,2.45,2.3864,2.26,1.9,1.68,1.53,1.43,1.7167,2.21,3.83,6.53,9.6233,13.3,15.05,14.78,12.5681,11.2702,10.8831,11.26,12.04,12.3001,12.65,12.36,11.4758,10.13,8.58,7.5492,7.6706,7.93,8.5511,9.01,8.96,8.53
8.54,9.31,10.16,11.16,12.28,13.13,13.58,14.0,14.58,15.23,15.58,15.1326,14.86,14.13,13.26,12.11,10.81,9.66,8.96,8.63,8.43,8.21,7.96,7.76,7.58,7.25,6.8545,6.5271,6.38,6.28,6.0813,5.56,5.3,5.4,5.53,5.56,5.4022,5.43,5.36,5.18,4.2742,4.41,4.13,3.7919,3.43,2.91,2.48,2.2867,2.13,2.05,2.06,2.16,2.11,1.9462,1.63,1.56,1.86,2.23,2.53,2.66,2.73,2.93,2.9322,2.85,2.8558,2.88,3.6,4.53,5.21,5.78,6.5679,6.9631,6.867,6.23,7.11,10.4892,14.38,15.7894,15.51,12.46,9.56,8.2372,7.685,7.66,7.58,7.03,6.33,6.1917,6.24,6.2314,5.7208,4.96,4.0142,3.15,2.9165,2.8661,3.0,3.4295,3.4486,3.2,2.78,2.659,2.6133,2.48,2.15,1.78,1.43,1.28,1.43,1.96,2.71,2.975,2.98,2.3,1.6855,1.33,1.38,1.73,2.2,2.73,3.45,5.16,8.71,13.43,16.3786,16.3244,13.9287,11.58,11.0747,11.35,11.95,11.9592,11.68,11.5,11.13,10.18,9.1978,8.21,8.08,8.24,8.23,7.9527,7.8612,7.85
12.18,13.5231,14.12,15.05,14.8868,15.55,15.31,14.6587,14.86,15.08,15.28,15.0981,14.86,14.55,14.36,14.11,13.5523,13.13,12.43,11.81,11.21,10.48,9.68,8.91,8.3,7.83,7.36,6.91,6.63,6.51,6.4646,6.4094,6.46,6.3,6.01,5.538,5.39,5.1,4.68,4.11,3.68,3.43,3.35,3.1,2.66,2.5325,2.05,2.11,2.33,2.3353,2.3,2.23,2.1632,2.0492,1.86,1.93,2.33,2.98,3.5818,4.25,4.58,4.54,4.15,3.53,3.03,3.0833,3.6485,4.4,4.98,5.58,6.5163,7.53,7.0516,6.1834,6.41,10.43,15.61,17.86,16.08,12.95,11.4887,10.9,10.1472,9.31,7.8773,7.28,7.41,7.987,8.51,8.03,6.73,5.7215,4.9712,4.4,3.61,2.83,2.63,2.93,3.23,3.2,2.93,2.71,2.6237,2.5208,2.43,2.43,2.53,2.6,2.81,3.1687,3.4597,3.58,2.9728,2.24,1.53,1.28,1.4,1.81,2.51,3.06,3.26,4.0582,6.75,11.85,16.01,16.068,13.18,11.18,11.755,12.9922,12.427,11.2852,9.5806,9.4404,9.88,9.8724,9.76,9.0103,8.93,8.58,8.01,7.9315,7.9,9.73
16.21,15.58,13.18,10.83,9.61,9.26,9.18,9.18,9.26,9.58,10.13,10.66,11.1862,11.45,12.28,13.46,13.8427,14.98,14.61,12.9468,13.16,12.46,10.8276,10.1269,10.31,9.8103,9.5897,9.2209,8.2206,8.0,7.8082,7.9499,8.01,7.16,5.85,4.83,4.23,3.86,3.35,2.83,2.56,2.41,2.4329,2.6535,2.75,2.98,3.18,3.43,3.5558,3.91,3.8134,3.54,3.08,2.76,2.6,2.71,2.88,3.292,3.6519,4.41,4.9148,5.08,4.73,4.41,4.3584,4.36,4.63,4.88,5.0812,5.36,6.48,7.71,7.33,5.61,6.01,10.5592,17.28,19.61,16.83,13.23,12.03,12.21,11.5,9.74,8.31,7.75,7.86,8.06,7.86,7.0774,6.53,6.21,5.83,5.05,4.0,3.3146,2.9296,2.88,3.1,3.36,3.4327,3.38,2.98,2.8016,2.85,2.8823,2.9962,3.01,3.18,3.53,3.5957,3.23,2.8898,1.91,1.5362,1.28,1.4591,1.8133,2.6514,3.51,3.98,4.03,5.86,10.83,15.73,16.11,13.1839,12.05,15.23,17.88,16.16,12.21,9.71,9.4195,8.9185,8.53,9.3095,9.0886,9.04,9.55,10.61,11.53,12.76,14.71
13.78,10.51,7.06,4.93,3.96,3.58,3.5497,3.68,4.15,5.26,7.6643,9.6325,10.7841,11.38,11.41,11.53,12.03,12.51,12.5634,12.53,11.93,11.16,10.33,9.75,9.53,9.5424,9.4404,8.6555,7.88,7.3247,7.35,7.9656,8.16,7.31,5.8522,4.3817,3.6037,2.8,2.38,2.1597,2.06,2.1012,2.244,2.71,3.46,3.6312,3.86,3.41,3.5146,3.66,3.98,3.7977,3.7005,3.7,3.61,3.61,3.5197,3.5563,3.6031,4.2459,4.78,5.3459,5.5,5.4489,5.56,5.68,5.63,5.48,5.4742,6.0039,7.08,8.48,8.08,5.73,5.7299,10.49,17.83,19.1779,17.75,13.81,12.8762,12.76,11.66,9.61,8.1074,7.2743,7.08,7.1492,7.05,6.5604,6.3593,6.33,6.06,5.7162,5.2,5.13,4.88,4.1699,4.03,4.43,5.0769,5.2521,4.88,4.5505,4.53,4.58,4.21,3.91,4.06,4.53,4.5355,4.36,3.83,3.26,2.95,2.88,3.06,3.51,4.53,5.95,6.2011,5.4,5.18,9.31,15.46,17.26,13.88,12.51,17.08,21.009,21.41,17.68,15.21,13.61,11.76,11.3283,11.56,12.0,12.01,13.19,14.9309,16.38,16.18,15.53
8.88,6.0264,3.83,3.9917,3.23,2.78,2.91,3.38,3.56,3.99,5.58,7.83,9.63,10.03,9.13,7.73,6.73,6.88,7.81,8.6,8.63,8.01,7.46,7.4321,7.0,6.9225,6.43,6.6179,5.93,5.96,6.53,7.23,7.58,7.11,5.8671,4.55,3.5956,2.88,2.43,2.19,2.05,2.05,2.21,2.6577,3.33,3.7142,3.78,3.63,3.5357,3.5531,3.55,3.7347,3.7548,3.78,3.96,4.13,4.35,4.55,4.61,4.78,5.3205,5.71,5.81,5.61,5.6161,5.73,5.8,5.93,6.13,6.6133,7.3,8.0393,7.9976,5.7564,5.18,10.5292,18.63,20.4618,19.01,14.58,13.9717,14.6,14.58,13.2,10.74,7.93,6.23,6.6501,6.83,6.75,6.51,6.55,6.88,7.43,7.91,7.261,6.53,4.7676,4.11,4.2479,5.33,5.6742,5.8419,6.1,6.1,5.9433,5.61,5.5595,5.4323,6.33,6.4506,6.78,6.0875,5.43,5.2628,5.28,5.78,6.66,7.66,8.74,8.88,6.6795,5.05,7.6,14.85,17.8465,16.68,14.3669,16.45,22.83,24.78,22.56,20.69,19.56,17.79,16.68,16.6459,16.13,14.91,14.9284,15.41,14.68,13.1,11.43
6.31,5.2419,5.03,5.0472,4.63,3.98,4.43,4.8067,4.43,4.06,5.26,7.93,10.53,11.86,11.0665,9.93,8.41,7.5459,7.55,7.96,8.15,7.98,7.756,7.5,7.3,6.96,6.8,7.13,7.26,6.83,6.28,6.01,5.95,5.91,5.5227,5.01,4.2733,3.4889,3.13,2.85,2.5313,2.15,1.81,2.0954,2.31,2.73,3.26,3.78,4.08,4.1636,4.4249,4.8107,4.83,4.81,5.08,5.61,5.88,5.7998,5.4837,5.4765,5.56,5.63,5.91,6.11,6.1187,6.03,5.98,6.21,6.63,7.1754,7.5815,8.08,8.03,6.41,6.0152,10.68,19.25,21.6878,20.05,15.7111,14.7197,16.55,18.38,19.2301,19.53,16.21,11.58,8.25,6.8426,6.93,7.93,8.71,9.05,9.0283,8.6283,7.28,5.63,4.35,3.6059,3.481,3.83,4.33,4.9984,5.56,6.1411,6.1545,5.9332,5.5578,5.5543,5.56,5.95,6.2195,6.23,5.91,6.23,7.18,8.53,10.06,11.23,11.2131,10.6,8.6,5.98,7.4603,13.58,21.2096,21.2681,16.2446,14.8304,19.7,24.5408,25.2918,24.71,23.95,22.68,21.03,19.43,17.81,16.33,15.3856,14.1821,12.0168,8.83,7.48
4.86,7.3733,10.23,10.5028,9.43,7.63,6.78,5.95,5.276,5.43,7.21,8.9127,11.5,11.63,10.53,8.9963,8.3273,7.43,6.81,7.38,8.7917,10.1816,9.96,9.0693,9.06,9.45,9.5163,9.2198,8.0,5.86,4.36,3.98,4.31,4.81,4.9385,4.6135,4.25,3.5,3.03,3.11,3.0462,2.3221,2.03,2.28,2.51,2.38,2.4147,2.71,3.8294,4.4541,5.5788,5.7741,6.0,5.91,6.38,7.06,6.96,5.93,5.18,5.5591,6.13,6.36,6.48,6.71,6.73,6.61,6.81,7.21,7.48,7.9,8.51,8.98,8.73,7.41,7.6692,11.81,20.28,24.61,21.23,16.71,16.7059,17.86,18.83,19.3812,21.6057,25.13,21.9994,17.53,11.45,8.26,8.75,10.13,10.4702,10.58,9.11,6.71,5.0237,3.65,3.3045,3.2473,3.08,3.3341,3.41,5.03,6.4285,6.4539,5.6,4.88,4.41,4.48,4.5244,6.0642,6.359,6.75,7.28,8.78,10.91,12.93,13.9968,14.03,12.68,10.86,8.58,8.7084,12.48,21.3506,26.28,20.83,14.6868,14.7,21.08,25.1914,26.5093,26.9145,27.95,27.38,25.26,22.58,19.5313,16.905,14.13,9.65,5.61,3.88
7.43,11.4145,12.707,12.7189,11.5774,10.53,9.53,8.58,8.4649,8.63,8.76,7.9,6.66,4.98,3.56,4.1719,3.7654,3.43,3.9134,5.81,10.3913,13.7282,14.18,12.28,12.3292,12.6016,12.5792,10.31,6.58,3.46,2.33,2.71,3.53,3.91,3.66,3.2,3.08,2.85,2.45,2.23,2.0787,1.8626,2.05,2.5589,2.51,2.16,2.435,2.96,4.4,5.83,5.8749,5.4,5.9538,7.1267,8.817,9.0737,8.53,7.56,6.98,7.13,7.28,6.96,6.81,6.9028,6.9,6.8632,7.2184,8.16,8.8,9.53,10.2261,10.1523,9.1,8.41,9.9,15.7748,23.88,27.13,22.9,18.28,18.74,19.8594,18.96,17.8479,17.58,21.85,25.4058,26.6008,23.18,15.16,10.75,10.46,11.76,12.1708,11.11,8.25,5.78,4.4024,3.7237,3.7141,3.53,3.1792,4.0968,5.83,7.4104,7.6626,6.55,5.1615,4.76,5.46,6.28,7.38,8.61,8.9,8.93,10.61,13.51,15.3,15.86,15.93,15.35,14.08,12.28,12.1077,13.28,20.73,26.0618,25.4473,18.66,13.58,15.13,20.3,23.58,24.48,25.81,27.2268,27.96,26.96,23.4404,19.43,14.31,9.43,5.93,4.38
10.61,12.3058,12.5859,11.53,11.4039,12.1342,12.81,11.76,10.69,10.26,8.91,7.0269,4.98,4.4522,4.4307,4.78,4.81,4.05,4.0351,5.95,11.28,15.5828,16.88,14.5804,14.4,14.48,12.6371,8.9,4.9613,1.83,1.31,1.83,2.4264,2.3681,2.11,1.66,1.73,2.0482,2.06,1.73,1.8004,2.1555,4.08,4.5707,4.53,4.83,5.6,5.99,7.0,7.5076,7.03,5.63,6.6935,8.6209,8.6475,9.0925,8.9,9.5386,10.357,10.15,8.88,8.28,8.88,9.93,10.15,9.53,9.43,10.48,11.51,11.5725,11.579,10.75,9.83,11.13,15.73,22.93,29.73,31.0,25.68,20.31,20.23,21.78,19.73,16.8013,12.3,13.68,21.43,29.5856,33.55,23.9076,15.2741,12.08,13.06,14.2342,13.78,10.78,8.3049,7.1477,7.1,7.0777,6.51,5.7358,5.8552,7.5267,9.38,10.3594,9.65,8.5247,9.03,12.31,14.61,15.01,14.83,14.73,15.13,16.93,19.13,19.58,18.6,18.11,17.8,16.63,14.73,13.65,15.4,19.75,24.46,26.4503,24.49,17.66,14.5276,14.98,18.43,19.21,19.3184,21.3071,23.74,26.68,26.33,21.1394,15.9143,12.25,8.95,8.23
7.98,9.954,10.7,10.73,11.33,12.711,14.35,13.28,11.85,11.93,11.9383,11.53,11.3586,11.33,11.01,10.38,9.3,8.23,8.25,10.5528,12.56,15.46,15.5901,14.56,13.89,12.9149,10.91,7.81,4.95,3.678,2.96,2.43,1.68,1.4092,1.28,1.1663,1.1991,1.5667,1.68,1.75,2.03,3.75,6.93,8.96,9.93,12.16,13.45,12.38,11.83,11.93,10.43,8.31,7.53,7.9665,7.34,6.66,8.43,11.96,13.4894,13.26,12.8182,12.93,14.26,15.46,16.28,16.33,15.85,15.68,13.7622,12.66,11.9297,11.96,13.98,18.88,26.23,32.81,33.9983,33.48,27.1,21.08,19.413,19.93,18.68,17.4406,16.16,14.98,18.53,29.73,34.3683,31.46,20.53,14.7777,13.55,14.6,13.9343,11.9,10.4,11.0,12.56,12.63,10.61,8.83,8.5,9.71,11.95,12.2388,12.4698,14.25,20.56,25.88,26.1487,25.5,24.9286,24.95,25.8294,25.9,24.53,21.4827,20.441,19.023,17.9172,16.4192,14.51,13.7119,16.43,20.7,24.2,25.5705,26.73,22.28,15.71,13.68,15.43,17.6255,18.61,20.4127,23.3,26.66,25.93,20.76,15.76,11.7409,8.8222,7.68
5.11,7.55,9.98,10.61,10.66,11.91,13.71,13.7188,13.292,13.14,13.0098,12.7275,15.11,14.91,12.63,11.03,11.35,13.58,16.81,16.9013,15.8558,14.58,13.61,12.96,12.74,12.1211,11.0,9.51,8.91,9.45,9.16,6.26,2.98,1.3676,0.98,1.1615,1.28,1.58,1.9,2.0049,2.3789,4.58,9.15,11.8717,13.33,14.787,17.46,16.18,15.58,15.7657,15.45,13.08,10.71,9.43,8.53,8.33,11.1678,13.68,14.5314,14.88,16.28,18.33,19.88,20.43,20.11,16.6273,16.0206,14.35,13.11,12.83,15.08,19.5,24.9,31.63,37.98,37.8393,37.48,31.7,25.03,19.3815,18.3497,18.6,18.74,18.91,19.9097,19.86,21.95,31.73,38.15,32.73,24.848,19.7725,16.23,14.56,13.23,11.9495,11.91,14.08,16.2273,15.81,13.33,11.6,11.95,14.05,16.08,16.78,20.23,29.81,39.08,40.5,32.4701,30.15,28.88,29.9644,30.46,27.68,23.78,20.686,19.21,17.3,15.03,13.8254,12.18,13.43,19.777,24.16,25.21,25.4209,25.3884,23.58,19.5784,14.88,14.31,17.6398,20.2127,22.33,25.08,26.41,22.28,15.6783,9.74,7.88,6.48,4.93
4.56,6.26,7.78,8.76,9.58,10.58,11.9093,13.38,13.13,11.51,9.41,10.1111,12.61,12.96,11.03,11.41,14.63,18.98,21.5598,22.55,17.28,12.03,10.03,10.08,10.65,10.9848,11.1766,12.03,13.0405,15.2048,16.48,13.83,8.81,4.66,2.74,2.1,2.35,3.5,3.8494,3.7492,3.74,6.59,11.93,14.246,14.8128,16.513,17.08,16.41,17.33,20.31,21.1,17.1817,14.16,13.7101,13.71,13.06,13.4286,14.6112,15.58,17.51,18.703,19.43,18.5275,17.48,14.36,11.28,10.7,13.31,18.23,23.5,28.43,33.15,37.78,41.6768,40.0224,38.83,31.9425,26.4343,22.36,18.16,17.5045,17.9964,18.7367,19.5939,21.03,21.24,25.83,36.1,38.3509,33.78,27.84,25.0,21.53,17.76,15.33,14.563,14.61,16.31,17.6769,17.4816,15.23,12.93,13.2618,16.2906,19.5503,27.03,37.08,44.5275,48.05,38.9877,32.9,26.18,25.7698,26.4841,25.301,20.43,17.31,16.8574,15.7511,12.5,13.1593,12.7045,14.38,20.15,26.58,25.9823,25.25,24.9159,25.01,24.1842,22.28,21.43,21.4876,21.93,22.51,23.05,23.9411,23.6456,17.43,9.827,4.8729,3.8189,3.43,3.7
5.08,5.1654,5.18,5.91,6.98,7.85,9.15,10.21,10.45,9.98,9.08,9.8606,11.1436,11.7969,12.9562,15.66,17.6,17.5238,17.13,16.23,13.43,10.1198,8.71,9.01,9.8254,9.55,11.3245,13.0,14.95,15.96,17.28,19.01,17.8895,14.35,9.83,7.18,8.01,11.81,12.0409,9.45,6.8831,7.0319,11.6646,16.06,18.81,20.4651,20.58,19.16,20.66,23.86,22.8294,19.0303,15.43,15.95,16.5039,15.86,14.93,15.91,17.5453,18.0661,16.71,15.6994,13.68,14.3,14.8908,14.36,21.03,29.48,35.83,38.4931,38.0082,38.8904,41.9,40.1719,35.83,29.83,26.18,24.3278,21.7772,18.53,17.03,16.98,17.13,18.9997,20.9505,22.66,30.33,41.4,41.4475,37.28,31.93,28.1397,25.543,23.01,20.55,18.83,18.7454,18.96,19.81,19.7783,17.4992,13.24,13.3519,16.8,24.38,35.85,45.0611,45.1737,39.25,33.68,28.71,24.23,24.03,25.28,22.71,20.4932,17.48,16.81,16.6175,16.66,18.73,22.58,26.96,30.98,30.032,26.5559,22.63,24.03,26.71,26.95,26.38,26.1905,23.8259,23.53,22.33,22.83,23.68,21.16,14.7425,7.48,4.33,4.13,4.65,4.91
8.06,6.66,5.277,4.43,4.83,6.0094,7.2586,7.8,8.78,10.08,10.88,11.21,11.1,13.11,18.86,21.23,16.4,10.45,8.0011,8.5861,10.1664,10.28,10.36,10.78,11.06,11.23,12.04,13.83,14.38,13.54,14.5042,17.33,20.3831,22.2,19.8,17.4145,17.65,23.18,23.4838,18.13,11.93,11.41,17.66,26.28,30.4633,30.63,27.21,24.7822,24.66,25.28,23.08,21.0107,18.98,18.43,17.18,15.71,15.65,17.46,18.93,18.283,18.0025,19.21,24.65,29.95,31.88,34.13,36.9959,36.4711,38.78,36.4694,36.8059,37.23,35.73,31.43,26.8,24.44,24.98,24.9591,22.4796,19.196,18.21,18.3079,18.76,20.8161,22.88,28.6744,37.83,47.78,46.65,37.6534,31.8355,28.2715,26.45,24.0758,22.81,20.13,19.2,20.28,21.93,22.2992,21.61,18.83,17.2838,18.6724,24.5127,36.85,41.73,36.9214,32.2201,32.2,31.38,28.75,28.18,29.41,29.96,29.48,28.78,28.85,29.56,30.9,33.13,35.73,36.83,32.4747,30.26,26.0926,25.5079,27.33,26.4628,27.03,25.699,23.78,22.73,23.2435,22.58,23.8068,23.73,20.9086,14.61,10.3896,7.51,7.98,8.61,8.53
11.36,9.38,6.93,5.6072,5.58,6.41,7.13,8.5377,10.1169,11.21,11.78,12.43,13.21,17.25,23.7863,23.5784,15.5574,8.1362,6.13,8.5127,10.63,10.53,11.28,12.5523,14.68,15.98,16.93,16.8866,15.45,14.16,14.83,17.198,19.88,22.0888,22.1246,19.0589,18.9818,23.46,25.2154,25.18,23.85,26.25,34.53,42.0,41.38,37.65,35.53,34.38,33.53,31.86,29.86,28.23,26.06,23.48,22.26,23.38,26.43,29.81,32.35,34.48,37.65,41.75,44.493,43.7756,42.73,37.4096,36.3699,32.9365,31.316,31.1566,32.3269,32.58,30.011,26.26,26.4644,26.8043,26.5439,25.2769,22.53,19.61,18.2,21.06,24.65,28.63,32.98,39.5,48.88,48.7813,44.23,34.43,29.2296,25.71,25.3432,21.9,20.88,19.98,20.68,23.46,26.68,29.5,30.6647,30.75,25.28,20.53,24.25,33.93,36.6388,31.95,31.8999,33.58,33.18,31.6436,31.78,34.05,36.4306,36.9034,36.6687,36.5617,36.4547,36.3,35.38,33.3262,32.51,30.8576,28.9602,26.8365,26.6423,26.13,25.3721,25.6426,26.01,29.13,31.75,32.5979,32.71,30.25,26.63,21.93,17.46,14.11,12.03,11.21,11.2465,11.55
12.33,11.13,10.0,9.3687,9.35,10.46,11.03,11.66,12.41,12.95,13.46,14.7,16.86,20.78,23.7429,25.01,17.38,11.11,8.78,9.76,10.56,9.6544,11.03,14.6434,17.66,19.61,20.31,19.7,17.88,16.76,17.06,17.6777,18.9416,20.1412,19.86,17.38,19.08,24.93,28.43,31.18,34.78,38.53,43.4975,44.0385,43.88,43.8,47.68,49.3,46.78,42.4,38.88,36.43,35.5964,35.7,39.43,44.3,49.93,53.7,54.83,54.2963,50.3693,44.8323,44.4766,39.78,36.83,36.9825,33.8938,32.8,34.03,35.68,35.1,32.0,28.9518,28.2166,29.3037,29.4081,28.01,26.5164,24.03,22.43,23.86,29.08,34.81,40.73,46.93,52.93,55.4899,49.8414,40.3,35.1523,31.0,29.6,27.15,25.4272,25.61,28.28,31.76,34.35,36.43,39.43,41.0383,40.1458,32.3057,26.06,25.36,28.48,28.93,28.2264,29.8681,35.1,36.3,34.75,35.5,37.43,37.48,36.08,36.25,36.5582,35.63,33.0315,29.4051,26.5618,26.5447,28.43,29.0,26.9899,23.65,25.5791,26.68,33.43,40.33,44.85,45.2,39.6329,37.58,31.7486,29.88,25.58,21.31,18.68,16.36,14.6,13.66,13.11
13.33,13.21,13.2239,13.13,13.48,14.28,14.5126,14.5,14.5068,14.96,16.26,17.1,17.9769,20.3159,22.5316,22.5154,18.0072,14.63,9.98,9.3802,9.564,9.25,11.8865,15.68,18.98,20.68,21.13,21.4,21.3535,20.36,17.7905,16.5679,16.9549,19.1025,20.28,23.96,31.28,37.5,37.6,37.6697,39.5,41.234,43.2426,43.9774,45.68,50.1432,55.9549,56.65,52.5,47.35,44.63,45.58,48.43,53.53,58.58,61.08,62.28,55.7758,54.95,49.5,43.53,39.3782,38.827,38.7897,39.38,39.15,38.83,40.205,41.7447,41.5774,37.3092,33.05,30.0992,29.1,29.88,30.88,33.0,35.13,36.23,36.65,40.33,48.78,55.13,55.7428,55.79,56.03,54.7971,49.8,44.8,44.18,42.96,40.95,38.98,38.9326,39.5,42.05,44.33,43.75,42.93,42.696,42.3513,41.48,32.896,28.8099,26.53,23.28,22.06,23.8616,28.13,37.95,42.5902,42.7,43.33,42.53,38.85,35.53,36.1694,35.88,34.7852,30.73,27.71,27.788,29.66,30.8003,30.79,29.0,29.1264,33.7,43.53,50.98,51.75,47.75,41.45,35.18,30.26,28.23,27.854,25.1262,21.9256,20.7078,18.78,16.9818,16.08,14.6
15.08,15.61,15.6325,15.24,14.7255,14.48,14.58,16.0,17.58,18.3,18.41,17.447,17.21,17.8927,17.41,15.75,17.03,17.25,14.5233,12.75,13.96,14.01,15.2209,17.35,20.435,21.36,21.73,23.06,24.58,23.93,19.88,16.5962,16.8934,19.15,27.26,37.45,45.63,48.6,46.3,42.2617,40.9099,41.05,41.4,42.4457,46.2,51.8115,54.4911,53.2761,51.5992,49.9,52.4,53.9774,59.48,60.08,60.3,58.33,53.65,45.9,38.1779,36.5858,31.18,34.25,39.5,43.3,43.2736,40.3681,38.7,41.08,43.27,44.1014,41.7581,36.7,35.6253,35.53,36.08,37.73,41.28,45.6,49.68,51.48,54.0,55.7179,63.78,56.4567,55.45,53.8903,54.46,54.5336,54.8,55.5663,54.7,50.2511,47.2345,46.68,45.1264,45.13,42.6969,40.23,38.73,38.55,37.0,32.53,28.38,28.6,28.38,26.53,25.66,24.31,27.33,35.8,42.73,46.7819,49.2986,50.65,48.38,46.23,42.95,38.9,35.05,31.75,30.9806,32.05,34.0,34.98,34.93,36.2,41.3,49.03,54.73,50.4977,44.5,35.98,30.63,28.2671,25.1279,24.0092,23.3012,21.83,20.8962,20.4,19.51,17.7949,16.99,15.63
16.43,17.3063,17.33,15.86,14.54,14.8,16.525,20.23,22.6701,22.15,18.68,17.5487,17.3581,17.1754,15.363,14.1818,14.93,19.5698,18.86,17.13,19.03,20.16,20.35,21.85,23.6,23.3464,22.71,22.71,23.8573,24.7,22.31,19.2924,19.23,28.06,39.95,49.25,53.48,53.25,50.53,46.33,42.6304,41.036,41.4137,42.05,46.5389,50.3884,52.3329,52.347,51.93,52.7,53.1759,53.5973,51.5,46.55,42.98,39.93,37.28,36.4,38.1916,38.23,39.13,41.93,43.9537,44.03,41.9301,39.2058,38.7,42.6,47.95,49.55,47.58,47.6644,51.08,54.08,54.38,54.6,54.2026,53.83,54.03,55.13,54.3353,54.03,49.98,49.0677,49.5098,53.4893,55.7453,56.2378,57.338,61.25,59.6561,55.3455,49.9,44.413,41.1844,37.98,34.78,31.6,31.26,32.171,30.63,28.48,28.7389,31.55,33.73,34.08,32.23,28.21,29.58,35.68,40.23,43.2388,47.6527,50.38,50.0062,52.8,47.1018,43.7353,37.08,32.83,33.18,34.4,34.98,37.25,40.38,44.38,49.005,51.53,47.68,40.18,33.5,31.3399,30.0038,28.7408,27.2707,24.9873,23.3066,22.05,20.85,19.6269,17.93,16.73,16.56,16.48
20.68,19.93,19.25,17.73,16.0818,16.53,20.76,25.0471,29.91,26.65,21.5982,21.21,24.072,24.1,16.8429,13.9663,14.9683,20.98,21.06,19.4289,20.76,24.28,27.43,28.93,29.53,27.98,22.8958,19.8612,19.5252,20.81,21.26,19.68,25.4,39.6994,50.9961,56.5579,57.75,57.9346,55.83,50.88,46.95,44.05,41.55,42.8,47.2492,48.5395,49.43,52.43,53.7675,52.43,47.3729,42.83,40.45,39.65,39.6,37.78,38.4138,38.88,48.48,54.45,54.95,53.58,52.68,50.95,46.18,46.1262,49.03,51.93,53.73,55.13,57.0,60.13,63.58,64.28,62.25,59.1258,59.78,52.53,44.63,44.6437,45.1487,44.75,40.88,44.1948,48.6,55.03,58.25,56.2794,56.3018,59.5555,60.95,57.7421,51.25,44.3876,40.88,41.08,39.58,34.7365,31.95,34.18,35.95,36.0296,36.65,38.85,39.0,38.7,36.65,32.81,34.4,40.2414,41.55,39.28,40.4663,40.75,40.7805,43.48,47.5,44.3845,40.2835,38.68,42.88,45.0,45.0913,46.63,49.6,52.18,51.929,47.83,40.65,35.53,34.3,33.55,31.63,30.21,29.83,29.83,28.91,28.33,27.48,23.7,19.35,17.68,19.4,21.15
28.31,25.45,24.38,24.86,23.06,21.33,25.2371,30.73,33.3447,30.98,26.36,29.45,34.6303,32.4581,22.63,14.95,15.88,20.95,23.7261,23.6518,23.9,29.36,35.15,36.58,34.58,29.21,23.6817,19.76,19.25,19.4169,19.6474,18.71,31.06,48.0,57.68,57.83,56.8352,58.0336,61.53,58.2,53.53,50.18,48.6,49.23,49.3648,48.5,46.38,49.6024,56.4,53.6,46.0924,43.6815,45.9,51.05,57.0,58.6,51.88,46.45,50.1764,55.28,55.4928,56.1,58.65,60.03,55.53,53.1004,55.7572,55.854,54.9696,55.55,56.3135,56.88,52.8,48.23,45.23,45.0,43.33,36.63,29.16,28.98,35.1,38.18,39.3,43.63,48.38,53.7449,57.9324,55.35,53.7,56.28,57.7202,56.6694,50.7343,49.13,49.8,53.05,51.4,42.65,37.85,40.85,43.3773,42.9018,41.9922,41.9352,42.9536,46.55,46.3769,42.38,40.3,45.93,50.2,48.38,45.88,40.05,32.75,35.8742,42.8,44.6,44.26,47.03,53.5166,55.6595,57.93,56.7,56.33,54.9863,52.8478,47.9403,41.65,38.78,39.03,37.75,34.65,33.0,32.26,32.73,32.76,32.43,32.9456,31.83,27.68,26.3321,26.31,28.6
36.98,34.68,33.48,33.18,30.95,27.973,28.0227,32.78,33.6524,34.0305,31.9,33.636,33.9171,35.93,23.3818,17.81,19.41,24.08,27.63,28.01,30.95,37.18,41.25,41.6,37.45,29.846,27.23,35.85,37.6067,34.13,26.8796,26.61,40.7149,50.18,54.8584,54.5216,50.4836,50.98,58.03,58.1382,57.35,56.4597,57.8,60.23,59.83,56.8,50.95,48.73,55.8856,57.2166,52.7182,51.83,56.63,59.88,60.9009,60.4804,60.45,51.78,50.3133,50.13,48.15,47.0536,48.3,51.83,52.28,52.8339,52.0,48.33,46.7,46.23,46.0,42.43,36.58,32.55,31.3908,31.1986,29.68,26.68,28.0529,28.7007,30.93,33.8,35.38,38.7,42.83,48.2268,52.3927,51.25,49.6046,49.48,50.28,49.08,46.3,47.0,49.4901,52.95,47.4836,40.35,36.98,40.88,43.2797,42.8442,40.55,41.6672,46.2,53.18,56.65,52.6,49.8585,53.45,61.55,65.1,59.78,45.1,35.7414,35.75,44.6263,46.6077,44.88,47.55,54.18,56.2187,55.38,53.05,51.98,52.65,53.88,52.237,45.23,39.4,38.6,40.0334,41.0425,43.23,42.6,40.63,38.95,36.3423,36.3,37.53,36.85,35.0,33.45,35.48
45.98,44.88,43.45,39.13,34.83,33.33,33.0753,33.65,34.0207,33.53,31.93,31.9535,33.95,31.53,24.5141,20.23,23.26,27.46,30.03,32.2228,39.2896,44.6144,44.88,42.83,40.78,38.05,43.25,55.83,61.51,58.55,51.6,46.08,48.23,53.096,54.83,54.2389,48.05,46.18,50.18,55.05,57.871,59.65,60.1044,59.547,58.13,56.7281,55.1435,52.98,55.63,59.95,58.1,57.7,59.5752,60.1611,60.48,61.48,59.1,53.83,50.2371,48.58,44.48,39.3682,35.18,36.05,39.35,45.33,45.3597,41.18,37.35,35.6416,34.25,33.25,31.66,30.83,30.66,30.63,29.33,29.0049,28.93,30.0681,31.48,32.918,33.78,34.88,37.2,40.7,41.8438,41.63,39.7,38.63,37.93,36.71,35.73,37.83,40.9181,41.0,37.03,32.7955,31.98,35.63,38.3,38.9746,39.6162,41.3318,47.4,55.05,58.58,56.25,53.6,56.1861,63.1448,61.995,59.7,44.8614,41.7893,44.73,51.2,51.45,47.48,46.13,47.427,47.78,47.7343,47.38,48.2414,48.75,53.85,54.8563,52.88,45.13,40.5486,41.03,44.93,50.75,54.08,52.4959,49.65,44.38,42.9362,44.0,44.166,43.9,42.93,44.53
53.58,53.0709,53.0,48.65,41.46,38.7,38.28,36.4552,33.4858,29.93,28.5,31.9384,31.98,28.86,24.63,25.58,28.15,28.71,29.61,33.6982,41.8503,48.7,47.83,46.4744,47.28,50.75,56.25,59.63,58.8,59.5071,62.18,59.28,57.05,55.7,55.7718,55.4834,52.8,49.75,48.1326,49.13,54.75,58.13,56.3,51.55,48.7614,50.25,54.176,54.8019,53.9,56.48,58.2543,57.9,57.6342,56.7542,56.75,57.0347,57.7,54.48,49.5977,45.0,40.33,34.7288,30.4423,29.06,29.96,36.38,42.48,42.2917,39.6774,33.75,32.3777,30.63,29.73,29.9821,30.4889,31.98,30.8764,30.03,30.13,30.5506,31.2519,32.6632,32.88,33.0604,32.8569,32.68,32.58,32.13,31.5049,30.71,29.98,30.3449,29.83,31.3,32.6,32.4025,32.1092,32.2377,34.08,38.1528,39.63,39.68,40.65,45.0,52.2531,55.0917,55.4225,53.98,53.6694,56.18,60.6876,61.93,50.0,44.3946,48.05,55.28,55.53,51.6678,50.1237,48.88,47.8075,47.0,47.93,49.8,50.83,51.4108,54.8027,58.1877,60.9724,58.6,50.75,45.93,45.0,46.7,50.33,52.4605,52.78,49.0535,48.13,50.914,53.4,54.15,54.93,54.45
56.35,56.55,59.3,58.7142,51.55,45.15,43.58,40.5056,36.5,33.38,34.4,38.4,38.069,32.5,31.8706,34.8853,37.2933,34.73,33.4141,33.8367,37.6,44.2,49.78,51.1424,51.53,51.4272,51.463,51.7,53.4891,55.73,58.33,60.68,61.2862,58.0,55.85,54.98,53.454,51.78,48.3,46.93,49.6808,52.48,52.0,48.7907,46.83,48.6802,50.5772,52.1232,52.7355,54.7193,58.05,58.6,57.83,56.68,55.0838,52.3983,52.05,52.0342,50.6132,46.38,39.13,33.3886,30.13,29.7437,30.1018,30.1459,36.3085,42.4,45.43,42.63,37.78,33.5337,30.3576,27.96,30.5439,33.6,33.1071,31.23,30.6529,30.66,31.75,33.63,33.6193,33.28,33.21,31.63,29.7,29.8963,30.93,31.3568,30.76,30.01,30.41,31.4372,31.46,31.48,33.0,36.85,41.58,46.53,49.1427,50.65,51.6,54.05,54.0306,52.9078,50.2,48.3,49.4,53.5,56.0032,54.7503,45.33,43.23,54.7846,62.16,55.941,52.2931,51.1497,51.13,51.15,51.43,52.2,54.2748,55.6285,54.93,54.7476,57.68,60.25,60.8391,59.73,50.2019,47.55,41.762,38.75,41.5,44.7,45.78,47.3,51.4,53.2027,54.0296,55.3923,57.43
50.4,50.88,54.85,59.23,58.45,53.3501,48.7741,43.3065,39.8274,39.9418,46.35,48.5237,44.28,35.25,34.48,37.7116,45.85,38.4878,36.4629,33.4775,33.68,39.15,48.1,50.787,50.8,45.95,44.788,44.6,51.03,54.8113,55.53,58.4237,61.2577,57.9068,55.9545,54.2203,51.1,49.08,48.5,49.1853,50.3682,51.4566,51.4502,50.68,50.6795,50.85,51.7103,52.1,53.7039,55.714,57.8876,61.23,62.23,57.8329,54.8,50.2,50.4632,50.8121,51.9671,52.0036,45.53,36.3283,34.6,34.56,31.1,30.2528,31.41,37.25,44.2469,48.33,46.0914,40.55,33.63,30.98,33.3622,34.8,34.45,33.13,33.2,34.78,38.28,40.2404,39.98,37.85,38.23,38.33,36.45,35.03,34.83,34.35,33.93,33.73,33.65,33.5,33.5179,33.85,35.88,38.3451,41.9475,47.0811,52.15,52.93,52.63,53.15,52.45,47.4,41.73,40.1543,40.18,44.98,51.33,50.6395,45.0,43.0801,55.03,64.43,58.2,52.23,52.55,52.8565,52.5547,52.4948,52.3814,54.4,56.23,54.3,50.58,48.13,44.6638,44.5,50.08,50.78,42.5063,35.98,32.9,34.33,36.33,38.53,39.78,40.18,40.63,43.1,47.63,50.33
40.45,39.75,42.33,47.73,53.9752,55.68,49.03,41.63,39.3391,42.03,50.08,47.0491,43.75,33.0515,28.98,34.23,39.05,37.03,31.28,26.8079,26.26,33.53,44.05,51.2167,51.25,47.91,44.93,42.4,45.75,50.48,51.15,51.0909,50.43,51.46,55.53,55.1016,53.95,52.2499,52.73,55.1,57.1062,57.15,57.0333,57.0,56.9104,56.7505,56.4493,55.3986,55.2728,55.6495,55.7392,56.78,57.2,55.563,53.38,51.3691,50.5156,50.9618,50.83,56.6,52.85,42.28,41.08,41.2975,39.8,38.93,37.9,37.3908,39.73,45.3,49.1128,47.53,40.98,40.1455,40.93,40.6,37.63,35.48,35.78,39.1,45.43,46.2294,46.4067,42.5,42.35,43.0398,43.5669,41.48,38.9,36.25,35.25,35.23,34.83,34.7929,35.05,35.4427,36.58,36.9473,38.5,39.63,40.4,40.13,39.0,38.35,37.58,34.98,31.4,28.68,28.7987,32.83,41.05,44.1966,42.15,38.9713,46.2501,59.1719,60.18,55.96,55.7449,54.9981,53.48,51.5821,49.45,48.3,48.4723,48.5,42.05,34.18,27.51,26.8313,31.85,35.36,32.21,29.43,31.1176,33.15,33.3,33.68,33.15,30.93,29.9668,31.46,36.68,40.9
35.0,35.3188,36.0337,39.5559,46.05,48.7752,42.35,36.8119,36.65,40.05,43.3801,45.28,38.23,28.6933,27.8848,26.68,33.1491,32.63,31.4264,23.7502,23.6732,33.5,45.78,53.7,54.0299,50.45,43.68,36.53,35.95,38.23,37.0,33.28,32.0578,35.53,46.63,53.9085,55.85,54.5201,55.0539,57.6068,66.13,64.8497,63.71,60.85,58.98,57.8408,55.4,52.0,51.95,48.8,46.5316,48.1761,52.349,52.98,54.45,53.65,52.33,51.5205,52.58,59.18,59.6327,52.943,48.45,48.18,48.2477,48.8653,48.75,44.73,42.1,44.2,50.201,50.4079,47.8,45.83,48.4,46.9101,40.8421,37.9783,38.0648,40.7012,44.4572,46.5954,46.3605,43.05,42.1,43.18,43.6251,43.5894,42.4989,39.85,37.35,35.88,35.08,34.885,34.93,35.08,34.58,33.33,31.73,30.0,28.6901,27.25,26.899,25.3864,25.0467,25.01,25.3,24.35,23.66,26.9028,32.68,37.01,37.1,34.93,37.58,46.33,55.13,59.3002,58.646,55.7,52.3,48.8,46.5,43.8,41.9,41.63,34.2481,24.48,20.68,20.23,23.6849,24.6335,24.15,25.53,28.78,30.523,30.55,29.18,28.61,28.15,28.28,29.61,32.15,34.48
32.5,35.2,35.4848,36.4,41.8,44.88,38.53,34.1749,36.4832,40.0279,40.4581,39.73,35.78,28.9886,27.5681,30.01,36.9839,44.5356,45.2209,37.8,34.5539,39.3623,48.1849,53.9051,52.53,45.25,35.5,28.45,27.55,27.7,26.03,24.08,26.7464,27.2417,31.63,36.5,40.13,43.55,47.2,51.23,55.33,55.2832,51.43,47.63,47.6222,47.83,44.43,42.3463,42.28,41.7166,41.4,46.3599,52.48,56.95,59.5405,62.95,63.8066,64.31,63.31,63.33,63.68,60.6,56.58,53.43,52.43,52.1115,52.83,51.3519,51.9,53.18,53.8632,53.88,49.3204,47.4361,48.2183,47.7258,43.4,40.18,41.58,42.9765,42.93,43.6,43.63,43.0288,42.3177,42.3278,42.13,43.4438,43.4532,42.6094,41.1,40.1,38.9,36.83,34.9447,33.6846,32.9191,32.0326,30.3184,28.88,28.5396,27.45,26.68,24.88,23.4125,22.5404,22.48,22.8,22.68,23.6212,27.33,29.76,29.7002,29.35,26.45,26.88,35.95,50.68,59.1,55.1538,50.7367,45.65,43.55,41.81,38.5788,34.2695,28.684,23.7575,22.7122,23.31,24.35,24.3973,24.38,26.5533,27.9903,28.0,26.63,24.6163,23.76,24.78,26.18,27.63,28.29,29.43
27.03,29.93,31.2,32.4,36.38,39.55,35.2898,32.83,36.35,41.0319,42.7,40.93,35.6784,30.76,31.11,36.83,42.7419,51.08,54.1,47.13,37.7372,39.5,47.23,45.5,38.8,32.93,27.93,25.43,26.6076,27.61,28.6708,29.78,28.93,26.75,25.7854,23.86,25.4792,26.58,28.28,29.43,29.3502,28.96,28.5333,28.48,30.33,32.23,32.2862,32.58,37.0655,40.9908,43.53,46.4272,53.65,56.7343,61.35,63.8404,63.9738,63.5092,58.88,57.8657,60.2,63.9123,62.4144,57.6965,54.73,50.812,47.98,51.38,52.4048,60.85,61.65,55.9896,54.3421,49.28,49.1002,49.08,45.28,43.7683,46.3,48.9872,49.08,46.78,46.8357,46.8662,46.7,44.5,42.85,42.6438,42.63,42.8954,43.53,43.83,42.0187,39.0392,36.9409,35.1872,33.55,32.4579,31.81,31.41,30.5529,30.2172,29.1675,28.08,23.6391,21.3382,19.78,19.5614,19.1459,19.13,20.53,21.61,23.7609,25.16,22.83,19.71,21.96,32.03,47.03,53.83,51.05,48.3774,44.55,39.8,33.58,28.81,25.81,23.95,25.1627,28.68,28.1078,26.6133,26.61,27.55,28.85,27.68,25.9,24.23,23.2952,23.13,23.01,23.15,23.16,24.03
20.96,22.9953,25.01,28.43,31.76,32.61,31.5,32.8584,38.03,43.3153,44.4654,39.7,34.4527,32.619,36.1806,39.95,41.9,42.4,44.0376,42.98,33.96,33.0,39.03,36.05,29.13,26.65,26.432,26.0669,26.7048,28.4658,31.01,31.66,29.4942,27.85,26.33,26.23,25.58,24.9295,24.576,23.2292,22.0301,20.33,21.8376,23.06,25.7124,27.28,29.83,33.0,36.93,40.2744,43.4,43.85,50.23,54.8094,54.95,57.18,55.78,48.8539,41.3,42.93,55.3402,64.66,65.9,62.33,54.9911,45.63,42.984,44.38,46.05,47.63,50.5,53.5,54.6772,55.63,53.35,50.7743,47.7883,45.03,49.48,57.33,58.3861,54.35,50.8943,50.8,50.45,47.83,44.55,42.23,41.63,42.68,43.78,45.53,45.35,41.65,38.5,36.2751,34.4717,33.05,32.4317,31.8661,30.31,29.0,28.18,26.48,23.58,21.16,20.1512,19.3664,18.03,18.2767,17.8742,17.9124,20.9992,25.91,26.85,22.9226,19.96,19.78,29.21,45.9025,50.98,50.8631,48.6255,42.88,34.35,27.16,23.73,24.6336,26.58,31.1055,29.8647,27.08,26.6692,27.03,27.08,26.03,24.81,24.567,24.099,23.25,21.31,19.98,19.71,19.98
20.1,20.91,23.1697,27.58,31.26,30.4374,30.0881,32.51,37.9946,44.55,44.4187,37.78,34.03,36.4271,39.9555,41.43,39.9687,38.286,38.55,39.167,33.05,34.7034,35.7161,34.7429,30.4488,29.45,29.05,28.03,27.58,28.26,29.3,29.81,29.21,27.86,27.6411,27.66,25.9532,25.66,24.55,22.96,21.406,21.56,21.58,21.5459,23.15,25.3822,29.78,34.73,37.3253,38.15,37.71,41.13,47.7115,51.45,48.8422,48.996,48.88,45.1221,38.43,42.2541,53.1578,64.26,64.0426,62.2,53.13,42.88,39.48,38.63,33.2682,25.78,25.81,29.93,37.0,44.63,50.8,52.393,52.3442,48.5111,48.7374,55.0982,61.13,59.0,53.93,50.83,50.1,49.1,46.43,42.7738,42.1281,41.2,43.65,48.13,50.2,45.2156,38.4148,35.1009,34.48,33.48,32.5251,32.2297,31.01,29.23,26.7321,24.377,22.28,21.38,21.08,20.1091,19.76,19.45,18.1883,17.78,19.574,24.0247,26.08,22.7914,19.25,15.18,19.8423,36.15,49.38,51.43,50.099,46.88,39.15,31.7926,25.95,25.2,27.6588,31.23,31.01,27.9545,26.13,26.1621,22.63,21.73,21.01,20.95,20.8434,18.93,17.65,17.6889,18.6,19.58
20.76,23.0231,24.9658,27.11,29.1064,29.4571,30.48,32.66,34.1177,38.3737,38.7,33.38,33.43,37.5353,41.08,39.18,38.05,37.73,39.0417,41.3,39.35,37.23,37.6,35.4742,32.2,30.41,30.1253,30.56,30.76,30.96,31.21,31.0636,30.53,29.0,27.68,26.6654,24.56,23.68,22.33,20.53,19.48,19.41,19.418,18.96,18.9798,19.63,22.36,27.18,28.86,26.9556,26.83,33.68,40.98,44.48,47.15,51.33,51.8947,49.211,44.0392,44.13,51.2956,63.08,62.43,53.4,42.5,37.9105,39.1058,38.5149,30.9877,25.4312,19.08,20.1724,20.83,26.3019,34.56,49.4677,57.33,55.55,49.7349,49.65,54.38,57.1,53.6762,51.85,49.83,49.05,48.38,46.2885,42.88,42.18,43.15,46.13,47.28,42.03,35.1,32.75,33.58,32.9858,32.48,32.8066,34.5058,34.45,31.18,26.61,23.01,21.4365,20.7444,20.0264,19.2854,18.6362,17.65,16.68,16.75,19.5324,19.38,15.0861,14.0437,13.99,18.9471,32.23,45.6885,50.03,49.869,48.069,45.53,39.28,35.0,32.93,30.71,31.18,30.8038,29.51,28.88,28.13,26.01,24.91,23.81,21.65,19.2614,16.4,15.45,16.5434,16.78,18.56
23.48,25.61,27.45,28.28,27.9929,27.03,29.56,31.0632,31.08,29.95,28.2519,25.0869,24.58,30.95,33.2945,32.15,31.13,36.1767,41.75,47.08,47.9832,46.7546,44.68,41.03,35.2,30.53,30.201,29.95,31.1,31.96,31.75,30.5154,28.6167,27.98,27.93,27.23,25.49,23.36,21.03,19.31,19.3991,19.3506,19.38,18.73,17.7863,16.03,16.74,19.71,20.73,19.7975,19.76,22.18,24.3,28.38,37.18,48.05,51.4812,49.4142,44.4058,44.1516,47.9112,49.6828,47.28,40.63,36.0713,34.18,36.8608,36.7,31.06,25.7745,24.3867,26.8,29.05,28.4941,26.807,33.26,50.83,61.18,57.044,50.48,47.4,48.28,48.6443,48.48,46.43,45.7,47.78,47.2231,48.4,46.1566,45.8,45.1155,41.8343,33.4639,27.78,29.01,29.4213,29.2322,29.16,31.96,35.08,36.98,37.0,33.7059,29.73,25.63,23.1,20.46,19.3279,17.93,16.46,15.56,14.88,16.06,15.2676,8.3925,5.78,11.76,20.68,31.86,41.18,45.83,45.98,45.5453,47.3,48.6,47.5,43.7,35.93,30.23,29.45,30.61,33.3325,38.2,38.3418,38.38,38.2,36.58,33.18,29.48,27.23,25.68,23.96,22.91
34.3,33.18,33.01,32.43,30.15,26.58,26.0,28.55,29.2142,28.36,25.58,23.8968,19.98,24.976,28.31,25.9049,23.71,29.23,36.6,42.35,46.73,48.4084,47.3971,46.6982,41.5,35.78,31.93,29.58,29.23,30.2302,30.3359,29.7825,26.78,26.7566,25.81,26.33,25.73,23.864,21.63,19.6,19.18,19.3955,19.3902,18.6313,17.36,15.7817,14.23,14.38,14.88,15.68,16.0881,15.91,14.9482,15.88,20.01,28.58,39.11,44.4415,44.98,44.531,43.98,40.33,39.1774,37.8334,36.28,34.88,34.2,31.78,26.21,22.0266,21.61,27.6528,39.15,38.4388,32.05,31.0656,39.25,55.7,61.85,57.3144,49.7013,45.9327,42.13,41.6,39.9561,37.78,39.58,42.53,44.58,45.8157,48.3,48.73,41.2,28.98,24.9882,25.51,24.49,22.8695,22.83,23.98,25.38,28.31,33.18,37.38,37.38,32.4188,32.53,28.38,25.23,23.23,20.78,19.51,18.25,17.78,15.61,5.8662,7.0597,11.13,28.85,41.45,42.8,41.38,39.55,39.15,43.43,49.0063,52.75,51.8,42.83,32.9983,28.36,33.1737,40.33,46.85,48.1619,49.05,48.4389,47.0409,46.4,42.98,41.1,37.9426,38.78,36.6
39.1,37.3788,38.05,37.3386,36.1369,32.01,24.93,23.6428,22.9076,25.88,29.08,28.05,25.0817,25.03,25.5773,23.6924,22.8098,23.63,26.35,28.4,32.08,37.6,43.88,47.0345,46.5565,44.5885,45.0,42.15,40.4,39.13,37.83,36.85,35.25,32.7,29.75,26.75,24.16,22.5411,20.8384,18.8824,18.8074,19.55,19.4584,18.7,17.4823,15.41,11.65,10.5965,10.5183,11.43,13.21,14.0,14.9,15.65,16.4147,16.3228,20.38,28.83,38.93,47.18,47.635,47.58,44.9,42.35,38.15,34.4176,33.18,31.8859,26.334,18.93,17.8215,22.23,36.63,46.13,40.3686,30.93,33.25,45.38,57.2,60.1948,57.1158,49.65,44.75,41.68,38.4859,36.3404,33.9219,33.2,34.3,36.71,42.18,48.4,44.2616,32.31,23.66,22.2132,19.8774,19.9134,20.45,19.49,18.33,19.15,22.36,27.23,30.58,32.15,32.76,31.33,29.49,28.23,25.4043,25.91,23.5684,21.63,17.53,7.76,7.2963,17.43,42.18,55.3,47.1342,39.6785,36.75,39.58,43.8,46.35,49.1,51.55,48.03,41.2507,35.28,39.3582,43.2734,45.8,44.38,42.0,39.88,38.33,36.46,34.15,33.9224,34.03,35.95,38.25
27.73,29.88,31.75,34.76,36.9752,39.3886,33.95,24.2456,17.06,23.1344,26.86,31.2877,31.68,30.03,27.63,23.98,21.81,21.83,21.8187,21.3368,21.28,24.21,29.48,34.28,37.7,40.88,43.63,45.95,44.4063,46.6,44.78,39.8421,41.58,38.5223,39.03,35.3,30.73,26.15,21.95,18.9049,17.26,17.46,17.5078,17.25,16.6537,15.26,12.8023,10.98,11.6,13.2446,14.68,15.56,16.63,18.55,19.53,18.18,16.5598,18.3974,26.5259,38.48,48.85,53.25,52.83,46.0674,43.05,38.85,38.03,37.05,31.86,23.5,17.0032,17.7541,28.4822,39.8534,42.976,40.35,38.7041,42.31,51.93,57.78,57.8826,57.08,49.7771,47.7,42.15,37.65,33.3515,31.49,30.51,30.63,34.88,43.7,44.5201,37.11,25.58,19.85,18.2,18.93,20.0371,20.3874,20.5498,20.6561,19.6852,17.51,17.7795,18.1,19.53,20.86,21.76,23.03,24.71,25.7742,25.28,23.53,18.7,10.4983,10.1896,24.36,44.8921,49.7548,53.05,40.83,35.85,39.5391,44.5239,44.5794,44.4266,46.1,47.9307,47.8979,45.8,43.3614,41.1,36.0074,30.28,27.73,26.31,25.4576,24.08,22.41,21.25,20.9,21.93,24.73
19.06,19.2626,19.3318,20.78,26.71,35.53,39.1476,37.23,29.66,25.36,27.5876,31.5443,34.3278,35.55,33.03,28.11,23.81,21.86,21.21,20.2,19.01,18.9987,18.98,17.61,16.13,16.26,18.38,22.16,25.41,26.6,26.4,25.73,26.38,29.96,34.48,37.35,37.75,31.6847,30.26,24.7,19.88,17.38,17.4411,16.18,15.6707,14.61,13.78,13.58,14.38,15.73,16.8576,18.08,18.78,19.76,20.6191,21.3121,20.28,17.51,18.74,26.65,37.33,45.05,47.45,44.9659,42.7505,41.5417,41.6,41.43,38.53,31.91,23.572,16.23,18.63,28.66,37.85,40.1,38.28,39.25,42.5015,47.58,49.5,50.1238,48.9896,44.88,38.28,33.21,30.35,29.71,30.33,30.53,32.46,39.48,43.2892,41.23,30.08,21.75,18.36,17.6243,17.43,19.6757,21.71,22.26,21.01,19.73,18.85,18.174,17.13,17.7218,16.31,18.4288,17.49,19.08,19.88,19.4475,17.2134,11.93,10.81,18.51,32.3942,46.56,47.6,39.9435,37.58,38.0,40.58,39.83,37.93,39.88,45.05,48.48,47.63,43.1,35.83,28.8,25.66,25.45,25.4261,25.13,24.25,22.3191,21.5543,20.91,20.7184,19.0
20.78,19.63,17.11,13.86,14.7595,18.33,27.15,34.33,33.9675,34.3,31.53,30.65,32.26,34.4779,35.2374,32.88,27.96,23.43,20.58,19.1502,18.4313,18.9657,18.9679,17.7316,16.534,15.0799,11.9543,11.18,11.8075,11.1,11.2604,11.3302,11.85,14.45,18.49,23.23,27.96,31.15,32.21,30.78,26.51,21.99,19.83,19.01,17.83,16.38,15.18,14.9507,15.35,16.58,17.68,18.69,19.41,19.7613,20.33,21.5869,22.7566,22.28,20.86,24.5957,29.61,34.78,34.7518,31.31,28.61,29.16,32.45,36.28,38.58,38.25,34.2,26.53,18.85,18.9959,20.43,24.63,26.0,26.63,26.5135,26.01,26.081,28.3,30.4,29.83,27.33,24.98,24.3,25.61,28.08,29.75,30.8,35.15,41.83,40.8939,34.38,24.98,19.23,16.528,15.86,18.0652,19.98,21.28,22.0433,22.2097,23.2909,23.68,22.7843,22.31,20.93,19.1,17.43,16.4,15.65,15.48,15.18,13.15,11.6161,12.28,16.28,22.6,29.58,33.8,34.75,35.33,35.73,34.18,32.8926,33.48,37.2,40.7,40.7865,37.2765,32.9,28.41,26.1419,25.26,23.18,21.78,21.28,21.256,21.1813,21.1622,21.36,21.13
20.01,20.4446,20.78,18.28,14.3901,14.1984,13.542,16.43,21.01,23.73,23.91,23.2285,23.16,25.41,28.98,30.098,30.33,26.63,22.58,19.9436,18.4524,18.9998,20.16,20.65,20.53,17.8652,16.5064,16.4451,16.569,16.26,15.74,15.28,14.5,13.43,12.41,12.71,15.21,19.68,25.68,30.4316,32.45,29.6508,27.31,26.28,25.88,24.75,22.86,21.26,20.61,20.6234,20.63,20.16,19.71,19.8332,20.4172,21.38,22.9329,24.1457,24.3633,25.06,28.08,29.3483,28.6761,24.81,21.81,21.1,23.2215,26.36,30.16,33.75,37.03,37.15,31.43,22.4,16.92,13.9486,13.26,13.3986,13.06,10.68,9.7364,10.98,13.65,16.25,18.1,19.23,20.33,21.9,24.25,27.2056,28.76,32.31,38.03,40.58,35.1466,27.78,20.81,16.75,16.5024,18.6,20.58,21.33,21.3049,21.33,21.28,22.15,22.81,22.7878,23.63,22.7499,21.7622,20.28,18.96,17.13,15.11,13.3254,11.76,10.93,11.3,15.2717,17.18,21.2,24.98,28.68,31.23,31.3075,30.3673,29.4638,29.58,31.73,33.1197,33.11,29.2892,26.38,23.76,21.03,18.6354,16.49,16.03,16.26,16.71,17.03,17.51,18.68
15.46,17.16,19.21,20.26,19.28,16.73,13.66,12.6038,10.95,12.2999,12.93,13.88,15.26,17.38,20.58,24.38,27.05,26.926,26.58,24.63,22.65,21.58,20.7883,20.2465,18.46,16.51,15.31,15.55,16.73,17.7001,18.854,20.11,20.0242,19.43,17.71,15.56,14.4842,14.7061,17.78,23.71,29.08,29.7427,29.4854,29.0889,29.3075,29.68,29.33,28.58,27.58,26.2144,25.56,24.08,22.41,21.28,21.1227,21.297,22.43,24.51,26.23,27.41,28.4,28.63,27.5032,27.06,24.6823,22.8142,22.2948,22.13,22.78,23.96,27.58,32.748,35.6463,31.8574,23.68,15.267,10.13,11.0213,10.7584,10.5196,9.718,9.38,10.5908,12.0801,13.13,15.7543,17.38,18.9,20.78,24.2047,27.46,32.2234,36.28,37.88,34.48,27.7369,21.26,17.31,17.4379,19.2921,20.33,19.48,18.33,17.5,17.48,18.18,18.61,19.0,20.43,21.73,21.7581,21.7437,22.78,21.3584,17.8474,15.05,13.31,13.35,14.48,14.9254,15.43,17.0032,19.8,23.88,27.6,30.08,30.83,29.95,29.3938,29.7067,29.68,29.3511,27.06,24.78,22.5,20.2,17.83,15.51,13.81,13.2792,13.25,13.21,13.38,14.21
12.6,13.73,15.58,17.48,18.7,18.8,17.28,14.2618,12.98,12.1679,11.56,11.76,13.25,15.23,16.98,19.03,21.98,25.11,27.36,26.3489,26.95,25.1,22.1556,20.3523,18.2278,15.74,14.21,13.9807,14.1773,16.157,18.03,19.66,19.952,21.28,21.0,18.2937,16.3249,14.3015,12.35,12.78,15.71,18.53,19.65,19.66,19.95,21.03,22.58,24.06,25.31,26.1387,26.96,26.63,25.49,23.0374,22.4,21.26,21.48,23.28,25.53,26.8299,27.3601,26.58,24.88,23.56,22.85,21.83,20.73,20.4294,19.88,19.31,20.63,26.2093,32.03,32.7799,31.8,24.33,17.1,13.33,12.9366,13.01,13.0383,12.81,11.91,11.56,13.0016,14.03,15.73,17.3609,18.93,22.13,26.9,31.9002,36.43,36.5,32.13,25.93,20.98,18.83,19.05,19.41,17.96,15.58,14.2,14.1555,14.24,14.68,15.03,15.63,16.68,17.81,18.68,20.16,21.76,21.37,19.2839,17.2787,15.0046,14.6,14.73,14.83,14.73,15.56,17.36,19.23,21.2,24.0,27.4,30.2,31.78,31.1688,30.36,27.6601,25.185,23.33,20.9,18.11,15.16,12.51,10.89,10.8399,11.03,11.33,11.6,12.06
11.0,12.05,13.28,14.13,14.7,14.7816,14.65,13.65,13.1,12.8002,12.105,11.28,11.71,13.25,15.2515,17.06,19.51,21.9104,24.4,25.56,25.33,23.484,21.6189,20.1284,18.6372,17.33,15.66,14.1776,13.9971,14.4563,16.25,17.68,18.33,18.68,18.83,18.2705,16.6675,15.1,12.11,9.49,8.48,8.66,9.0967,9.23,9.81,10.68,11.78,12.9,14.63,17.15,19.95,22.21,23.33,23.36,22.41,21.03,20.71,22.13,24.4,25.7943,25.8668,24.43,21.33,17.68,15.4187,15.4,17.08,19.03,20.48,21.83,23.9394,25.83,28.63,31.65,31.2901,29.7244,25.08,19.5,16.05,14.71,14.58,14.3998,14.33,13.76,13.45,13.5645,14.48,15.93,18.18,21.51,25.9,30.7184,34.43,33.1618,29.03,23.9,20.8314,20.06,19.16,17.25,14.8991,12.71,12.23,12.6969,12.9315,13.13,13.63,14.25,14.78,15.2,16.03,17.53,19.03,19.0707,18.06,16.03,14.6839,14.7063,15.55,16.0191,15.71,15.0472,14.9533,14.61,17.3242,17.53,21.6679,24.76,27.66,28.73,27.7,25.2,22.33,19.45,16.43,13.3,10.68,9.08,8.9629,9.28,9.93,10.23,10.43,10.55
9.18,10.18,10.98,10.9713,10.78,11.03,11.2943,11.31,11.16,11.13,10.93,10.8499,10.73,11.65,13.28,15.43,17.71,19.38,20.25,20.48,20.28,19.8,19.33,19.03,18.6,17.78,16.0418,15.21,14.4496,14.5826,15.9023,16.9999,17.43,17.0,16.63,16.43,16.08,15.15,12.7214,11.3927,10.03,9.13,8.76,8.972,9.1602,9.2793,9.1589,9.2115,9.21,9.98,11.68,14.1,16.63,18.56,19.0249,19.2552,19.38,20.8129,23.51,24.48,23.31,20.38,16.43,12.61,10.73,12.5096,15.46,18.71,20.3114,22.7344,27.13,28.0259,29.83,29.8614,30.11,29.05,25.1351,22.94,19.74,17.06,14.7882,14.1928,13.63,13.35,12.93,12.8567,13.2,14.76,17.23,20.2,23.75,27.88,30.8,29.7553,26.56,22.85,20.88,19.7,17.68,14.86,12.7014,11.46,11.5946,12.2376,12.88,13.2361,13.61,14.0178,14.21,14.48,15.03,16.21,17.5111,17.95,16.83,15.2,14.9124,15.86,17.51,17.1707,16.0223,15.6955,16.65,18.26,19.3848,20.66,21.83,22.88,23.105,23.1,21.98,19.9,17.08,14.01,11.23,9.05,7.73,7.2746,7.5106,7.93,8.41,8.63,8.63,8.7
7.98,8.4883,8.8,8.8407,8.78,9.0,9.5404,9.88,10.06,10.2,10.43,10.88,11.5122,11.95,12.9725,13.78,15.23,16.38,16.7,16.53,16.41,16.58,16.83,16.83,16.43,15.85,15.31,14.6038,14.48,14.73,15.49,16.08,15.85,15.06,14.3,13.76,13.23,12.63,11.759,11.31,10.48,9.83,9.7,9.4891,9.8017,9.9353,10.36,10.51,10.28,9.8625,9.13,9.7886,11.5268,13.45,15.31,16.461,17.15,18.4,19.78,19.7063,18.16,14.96,11.43,8.75,8.06,10.0307,12.58,14.83,16.15,17.91,20.93,24.08,26.03,26.3116,26.28,25.16,23.71,21.6509,19.3314,16.7629,14.6707,13.0301,12.28,12.03,11.63,11.418,11.6,13.03,15.16,17.76,21.03,24.88,27.75,27.93,25.53,22.6,20.53,18.66,16.23,13.68,11.93,11.3919,11.35,11.8372,12.5449,13.0861,13.53,14.0512,14.8745,15.45,15.48,15.81,16.65,17.21,16.85,16.28,16.7,17.9,18.08,16.26,14.11,14.04,15.9014,18.73,19.9,19.88,19.66,19.13,17.95,16.11,14.06,11.93,9.81,8.03,6.86,6.46,6.5545,6.75,7.23,7.8576,8.0171,8.0446,7.98,7.93
8.56,8.1681,7.98,8.5528,8.78,9.1936,9.5251,10.0722,10.53,10.85,11.11,11.55,12.28,12.93,13.2,13.267,13.58,13.6208,13.6,13.29,13.2,13.58,13.86,13.66,12.9,12.03,11.26,10.71,10.46,10.71,11.18,11.38,11.06,10.6,10.43,10.31,10.0,9.58,9.31,9.08,8.65,8.2,8.15,8.51,8.81,9.0,9.35,10.08,10.5113,10.5063,9.93,9.7762,9.96,11.56,13.7895,15.43,16.43,16.7876,16.78,16.08,14.5489,12.15,9.93,8.8048,8.18,9.5917,10.21,10.98,11.16,11.28,11.93,13.31,15.03,16.86,18.13,18.58,18.28,17.46,16.16,14.55,13.01,11.98,11.53,11.1,10.5,10.11,10.51,11.83,13.73,16.18,19.21,22.55,24.8628,25.61,23.8527,22.2,20.21,18.03,15.53,13.4029,11.53,10.9726,10.93,11.28,11.61,11.81,12.26,13.48,14.8362,15.4513,16.2515,17.31,17.81,17.85,17.13,16.41,16.73,17.4709,17.3841,15.2,12.3957,10.0316,8.9,8.95,8.68,8.13,7.71,7.43,7.03,6.48,5.93,5.7768,5.9328,6.1965,6.11,6.5793,6.93,7.43,7.9249,8.4833,8.6683,8.9,9.03,8.95
8.93,8.3598,8.2516,8.63,9.61,10.3908,11.31,11.78,12.11,12.26,12.38,12.73,13.23,13.53,13.38,12.83,12.23,11.68,11.2,10.8,10.65,10.81,10.8733,10.83,10.11,9.03,7.71,6.56,6.1191,6.11,6.5,6.5269,6.78,6.93,7.25,7.61,7.58,7.33,7.18,7.4204,7.6496,7.7702,7.9882,8.075,7.95,8.01,8.8262,9.08,10.03,10.5696,10.73,10.53,10.81,11.7511,13.6416,15.65,16.6354,16.6905,16.1056,14.6117,13.3391,11.9944,10.18,9.9,10.21,10.63,10.78,10.66,10.23,9.48,8.48,7.7,7.65,8.7,10.26,11.58,11.9313,11.98,11.54,11.08,10.7,10.41,10.1,9.74,9.38,9.28,9.9229,11.04,12.95,15.43,18.28,20.95,22.5556,22.8873,22.46,20.8635,19.65,17.88,15.78,13.58,11.73,10.63,10.28,10.46,10.65,10.53,10.5411,10.96,12.11,13.53,14.93,16.26,17.28,17.1915,16.66,15.69,15.48,16.18,16.46,14.9618,12.06,8.48,5.65,4.08,4.0433,3.4734,3.21,3.38,3.86,5.7253,5.48,6.06,6.36,6.61,6.85,6.98,7.06,7.38,8.01,8.4754,8.68,8.73,8.98,9.15
8.23,8.35,8.5083,9.1306,10.2113,11.0683,11.7347,12.2777,12.5995,12.66,12.6364,12.7523,12.7909,12.53,11.88,11.18,10.65,10.31,9.98,9.8,9.78,9.76,9.68,9.25,8.48,7.46,6.8616,6.2145,5.8637,5.46,6.1663,6.1248,5.93,5.83,5.93,6.08,6.21,6.33,6.6,7.3577,7.7,8.21,8.68,9.01,9.08,9.03,9.0,9.16,9.48,9.8409,9.88,10.195,10.53,11.8817,13.35,15.0,16.234,16.48,16.05,15.18,14.13,13.16,12.58,12.48,12.48,12.18,11.35,10.23,9.08,8.13,7.38,6.88,6.8,7.28,7.99,8.63,8.96,9.1,9.23,9.33,9.38,9.25,9.06,8.93,8.88,9.0,9.53,10.75,12.71,15.08,17.48,19.43,20.6,20.93,20.58,19.9,18.99,17.81,16.24,14.26,12.15,10.5,9.78,9.9,10.33,10.33,9.83,9.21,8.83,8.91,9.33,9.91,10.51,10.96,11.23,11.63,12.5,13.63,14.43,13.96,12.0,9.18,6.51,4.88,4.38,4.56,4.98,5.55,6.33,7.11,7.43,7.11,6.61,6.3,6.33,6.49,6.63,6.86,7.11,7.25,7.18,7.18,7.43,7.88
7.43,7.88,8.4,9.13,9.99,10.71,11.16,11.28,11.26,11.26,11.26,11.18,11.03,10.76,10.53,10.23,9.83,9.29,8.63,8.1,7.88,7.83,7.75,7.58,7.36,7.23,7.28,7.38,7.38,7.25,7.01,6.6,6.18,5.83,5.71,5.88,6.48,7.4,8.43,9.23,9.74,9.91,9.93,9.93,9.85,9.76,9.66,9.58,9.63,9.83,10.08,10.5,11.18,12.31,13.7,15.08,16.26,16.85,16.96,16.6,15.86,14.83,13.65,12.45,11.18,9.91,8.63,7.4,6.56,6.21,6.33,6.81,7.49,8.08,8.51,8.61,8.56,8.48,8.46,8.45,8.43,8.41,8.43,8.53,8.68,9.08,9.88,11.31,13.21,15.33,17.25,18.73,19.76,20.28,20.38,20.11,19.36,18.25,16.68,14.68,12.48,10.5,9.28,9.0,9.33,9.75,9.78,9.46,8.98,8.53,8.08,7.74,7.58,7.91,8.68,9.78,10.93,11.73,11.78,10.86,9.06,6.81,4.75,3.46,3.08,3.46,4.28,5.28,6.1,6.58,6.51,6.01,5.49,5.38,5.61,5.88,6.03,6.03,6.01,6.01,6.01,6.13,6.45,6.88
7.68,7.93,8.31,8.71,9.08,9.38,9.58,9.68,9.78,9.96,10.18,10.38,10.53,10.61,10.43,9.86,8.81,7.4,5.98,4.9,4.33,4.18,4.26,4.5,5.0,5.78,6.61,7.23,7.33,6.83,6.13,5.55,5.3,5.4,5.78,6.36,7.16,8.13,8.99,9.53,9.66,9.46,9.1,8.85,8.81,8.93,9.16,9.46,9.83,10.26,10.58,10.85,11.13,11.41,11.78,12.15,12.33,12.18,11.73,10.98,10.11,9.13,8.11,7.13,6.26,5.63,5.28,5.25,5.6,6.28,7.14,7.93,8.63,8.95,8.98,8.83,8.63,8.49,8.43,8.51,8.61,8.73,8.81,8.91,9.08,9.5,10.41,11.83,13.61,15.58,17.36,18.8,19.93,20.6,20.75,20.41,19.5,18.2,16.6,14.76,12.71,10.75,9.26,8.51,8.43,8.83,9.38,9.75,9.95,9.99,9.91,9.85,9.93,10.08,10.26,10.23,9.85,9.03,7.86,6.46,5.03,3.83,3.03,2.78,2.95,3.53,4.23,4.93,5.38,5.59,5.41,5.18,4.98,5.11,5.43,5.86,6.13,6.38,6.5,6.66,6.9,7.06,7.25,7.46
9.0,9.16,9.28,9.35,9.48,9.65,9.93,10.28,10.63,10.95,11.13,11.08,10.68,9.83,8.56,6.9,5.06,3.36,2.08,1.46,1.31,1.48,1.81,2.23,2.76,3.51,4.31,4.99,5.18,4.96,4.48,4.18,4.16,4.41,4.78,5.05,5.28,5.38,5.39,5.33,5.28,5.26,5.31,5.46,5.7,6.01,6.36,6.68,6.93,7.03,6.96,6.73,6.23,5.71,5.23,4.7,4.21,3.75,3.33,2.98,2.88,3.0,3.43,3.98,4.58,5.31,6.08,6.88,7.8,8.73,9.51,9.98,10.13,9.9,9.48,9.08,8.86,8.93,9.16,9.58,9.96,10.21,10.38,10.53,10.73,11.19,11.98,13.1,14.51,15.98,17.33,18.46,19.28,19.68,19.63,19.11,18.13,16.88,15.36,13.7,11.96,10.31,9.0,8.26,8.11,8.43,8.95,9.46,9.8,10.03,10.21,10.38,10.38,10.16,9.58,8.63,7.53,6.43,5.61,5.03,4.78,4.66,4.66,4.63,4.6,4.63,4.73,4.8,4.85,4.83,4.75,4.73,4.83,5.23,5.81,6.46,7.01,7.38,7.6,7.78,7.98,8.2,8.46,8.75
7.61,7.61,7.53,7.48,7.53,7.73,7.98,8.25,8.41,8.36,8.03,7.38,6.43,5.24,3.93,2.63,1.51,0.76,0.41,0.41,0.65,0.96,1.26,1.48,1.78,2.11,2.45,2.75,2.85,2.78,2.51,2.28,2.18,2.18,2.24,2.3,2.28,2.21,2.18,2.18,2.26,2.41,2.58,2.76,2.86,2.93,2.93,2.96,2.9,2.88,2.73,2.48,2.08,1.61,1.21,0.83,0.6,0.61,0.73,1.03,1.49,2.13,2.96,3.85,4.88,5.88,6.91,7.88,8.78,9.56,10.06,10.3,10.31,10.13,9.9,9.78,9.78,9.99,10.28,10.68,11.01,11.3,11.58,11.88,12.31,12.83,13.48,14.26,15.01,15.76,16.4,16.9,17.26,17.35,17.13,16.61,15.71,14.53,13.23,11.76,10.4,9.23,8.41,8.08,8.11,8.41,8.81,9.26,9.6,9.88,10.06,10.08,9.9,9.36,8.6,7.73,6.93,6.46,6.33,6.56,6.93,7.28,7.43,7.36,7.11,6.73,6.38,6.03,5.63,5.3,4.98,4.86,5.0,5.43,6.03,6.63,7.11,7.33,7.33,7.23,7.16,7.18,7.33,7.48
3.83,3.61,3.4,3.26,3.21,3.16,3.13,3.06,2.91,2.65,2.31,1.96,1.56,1.2,0.91,0.68,0.58,0.56,0.68,0.86,1.05,1.24,1.38,1.48,1.61,1.68,1.76,1.74,1.65,1.43,1.26,0.98,0.86,0.71,0.65,0.6,0.63,0.66,0.71,0.83,0.93,1.08,1.16,1.21,1.16,1.11,1.04,0.96,0.95,0.98,0.98,0.98,0.88,0.78,0.68,0.58,0.48,0.45,0.43,0.48,0.56,0.73,1.1,1.66,2.48,3.51,4.71,5.95,7.18,8.2,8.99,9.48,9.7,9.73,9.71,9.68,9.71,9.78,9.93,10.15,10.43,10.76,11.18,11.61,12.06,12.48,12.85,13.11,13.28,13.41,13.46,13.53,13.5,13.31,12.95,12.38,11.51,10.49,9.36,8.33,7.48,6.93,6.63,6.61,6.78,7.0,7.28,7.51,7.68,7.8,7.88,7.83,7.65,7.3,6.8,6.28,5.86,5.68,5.78,6.13,6.65,7.23,7.76,8.08,8.18,8.03,7.65,7.06,6.3,5.55,4.93,4.53,4.49,4.7,5.18,5.6,5.91,5.96,5.78,5.4,5.01,4.63,4.3,4.03
1.81,1.63,1.51,1.35,1.21,1.06,0.96,0.83,0.7,0.53,0.48,0.38,0.3,0.26,0.29,0.31,0.36,0.43,0.53,0.66,0.78,0.98,1.16,1.31,1.43,1.45,1.43,1.35,1.18,1.0,0.83,0.63,0.56,0.45,0.38,0.33,0.31,0.26,0.26,0.21,0.23,0.28,0.31,0.36,0.38,0.38,0.38,0.38,0.41,0.43,0.5,0.56,0.63,0.66,0.69,0.68,0.58,0.46,0.25,0.08,-0.07,-0.12,0.06,0.5,1.21,2.28,3.58,5.03,6.45,7.73,8.7,9.33,9.58,9.55,9.36,9.1,8.85,8.73,8.68,8.83,9.03,9.4,9.73,10.03,10.23,10.28,10.23,10.04,9.75,9.46,9.15,8.83,8.53,8.15,7.68,7.06,6.33,5.6,4.86,4.26,3.85,3.68,3.7,3.9,4.16,4.4,4.61,4.78,4.81,4.83,4.81,4.71,4.58,4.38,4.21,4.03,3.96,4.0,4.21,4.55,5.1,5.66,6.26,6.73,6.98,6.98,6.73,6.25,5.66,5.0,4.38,3.95,3.7,3.65,3.65,3.75,3.73,3.61,3.38,3.06,2.75,2.49,2.21,2.0
1.23,1.13,1.03,0.88,0.73,0.63,0.48,0.4,0.38,0.33,0.35,0.33,0.36,0.36,0.33,0.31,0.31,0.31,0.31,0.36,0.43,0.53,0.63,0.73,0.73,0.73,0.7,0.63,0.5,0.45,0.38,0.33,0.31,0.35,0.38,0.43,0.45,0.45,0.45,0.45,0.43,0.43,0.38,0.4,0.43,0.41,0.38,0.38,0.36,0.36,0.38,0.4,0.43,0.48,0.5,0.56,0.56,0.5,0.46,0.38,0.38,0.48,0.68,1.06,1.66,2.43,3.43,4.45,5.43,6.35,7.08,7.5,7.73,7.76,7.65,7.48,7.3,7.21,7.18,7.28,7.43,7.63,7.81,7.96,7.98,7.9,7.71,7.38,7.06,6.63,6.21,5.78,5.31,4.88,4.41,3.86,3.38,2.91,2.5,2.18,2.01,1.95,2.1,2.28,2.53,2.78,3.01,3.18,3.28,3.36,3.33,3.28,3.23,3.16,3.11,3.16,3.21,3.38,3.66,3.96,4.36,4.78,5.13,5.4,5.6,5.63,5.53,5.28,4.93,4.58,4.13,3.76,3.41,3.08,2.81,2.56,2.33,2.1,1.91,1.78,1.63,1.53,1.4,1.33
0.73,0.65,0.56,0.48,0.38,0.36,0.28,0.26,0.23,0.28,0.26,0.28,0.28,0.25,0.23,0.21,0.21,0.16,0.13,0.13,0.13,0.13,0.16,0.18,0.21,0.24,0.24,0.28,0.28,0.28,0.3,0.35,0.35,0.35,0.4,0.4,0.4,0.43,0.43,0.38,0.38,0.38,0.38,0.4,0.4,0.45,0.49,0.51,0.56,0.61,0.61,0.64,0.64,0.66,0.63,0.61,0.58,0.56,0.53,0.53,0.58,0.68,0.83,1.13,1.45,1.88,2.28,2.78,3.28,3.73,4.11,4.4,4.55,4.7,4.78,4.8,4.83,4.88,4.95,5.08,5.23,5.43,5.6,5.81,5.88,5.95,5.95,5.88,5.73,5.48,5.21,4.88,4.53,4.13,3.73,3.35,2.98,2.66,2.41,2.18,2.06,2.03,2.03,2.1,2.21,2.35,2.51,2.66,2.74,2.86,2.96,3.01,3.06,3.1,3.2,3.31,3.41,3.56,3.76,3.93,4.13,4.35,4.46,4.58,4.63,4.58,4.51,4.35,4.13,3.88,3.55,3.26,2.93,2.63,2.31,2.03,1.78,1.58,1.38,1.23,1.1,0.99,0.9,0.8
0.38,0.36,0.33,0.35,0.35,0.35,0.38,0.38,0.4,0.43,0.43,0.4,0.38,0.38,0.35,0.33,0.24,0.24,0.19,0.16,0.13,0.16,0.16,0.18,0.21,0.21,0.25,0.3,0.33,0.36,0.38,0.41,0.45,0.45,0.45,0.4,0.4,0.4,0.4,0.4,0.4,0.43,0.45,0.53,0.58,0.68,0.73,0.83,0.91,0.98,1.06,1.08,1.13,1.18,1.18,1.18,1.15,1.18,1.15,1.18,1.23,1.26,1.36,1.48,1.63,1.78,1.95,2.19,2.38,2.56,2.74,2.88,3.03,3.13,3.24,3.31,3.38,3.45,3.56,3.68,3.78,3.88,4.01,4.13,4.26,4.31,4.36,4.38,4.36,4.26,4.15,4.01,3.81,3.63,3.4,3.16,2.93,2.68,2.51,2.33,2.2,2.06,1.98,1.93,1.91,1.91,1.93,1.98,2.03,2.13,2.18,2.31,2.43,2.51,2.68,2.83,2.98,3.1,3.23,3.35,3.51,3.61,3.68,3.68,3.71,3.66,3.56,3.38,3.26,3.03,2.8,2.55,2.33,2.08,1.81,1.56,1.36,1.18,0.98,0.83,0.68,0.58,0.5,0.45
0.53,0.5,0.48,0.48,0.48,0.51,0.53,0.53,0.53,0.58,0.58,0.58,0.58,0.61,0.63,0.6,0.6,0.6,0.6,0.58,0.58,0.56,0.56,0.56,0.58,0.61,0.61,0.63,0.63,0.63,0.65,0.65,0.68,0.71,0.71,0.68,0.71,0.71,0.71,0.71,0.76,0.78,0.81,0.85,0.85,0.9,0.95,0.98,1.0,1.03,1.06,1.11,1.13,1.16,1.21,1.23,1.23,1.26,1.31,1.31,1.38,1.4,1.45,1.5,1.58,1.63,1.68,1.76,1.86,1.93,1.95,2.06,2.13,2.24,2.28,2.33,2.4,2.45,2.53,2.53,2.61,2.66,2.69,2.71,2.73,2.71,2.71,2.68,2.65,2.63,2.58,2.51,2.41,2.31,2.2,2.11,1.98,1.91,1.78,1.68,1.58,1.5,1.43,1.36,1.33,1.28,1.28,1.26,1.28,1.28,1.33,1.38,1.43,1.53,1.58,1.68,1.74,1.81,1.88,1.98,2.06,2.11,2.13,2.16,2.16,2.13,2.08,2.06,1.98,1.91,1.81,1.7,1.58,1.46,1.33,1.23,1.1,0.96,0.86,0.78,0.75,0.65,0.58,0.56
0.76,0.73,0.73,0.73,0.73,0.73,0.73,0.73,0.73,0.7,0.68,0.68,0.68,0.7,0.7,0.7,0.7,0.73,0.73,0.73,0.73,0.73,0.73,0.73,0.73,0.75,0.75,0.75,0.75,0.75,0.75,0.75,0.75,0.75,0.75,0.75,0.75,0.75,0.75,0.78,0.78,0.78,0.78,0.78,0.78,0.81,0.81,0.81,0.81,0.81,0.81,0.86,0.86,0.86,0.86,0.86,0.88,0.93,0.93,0.93,0.93,0.98,1.03,1.03,1.03,1.06,1.08,1.13,1.15,1.15,1.18,1.23,1.26,1.26,1.28,1.33,1.33,1.35,1.38,1.4,1.4,1.43,1.46,1.46,1.46,1.46,1.46,1.44,1.41,1.41,1.41,1.41,1.41,1.36,1.33,1.33,1.33,1.31,1.28,1.25,1.23,1.2,1.18,1.18,1.18,1.15,1.15,1.15,1.13,1.11,1.11,1.11,1.11,1.11,1.11,1.11,1.11,1.11,1.13,1.13,1.13,1.13,1.11,1.11,1.11,1.11,1.08,1.06,1.06,1.06,1.03,1.01,0.98,0.95,0.95,0.93,0.91,0.86,0.86,0.83,0.8,0.8,0.78,0.76
